duration,total_bytes,packet_count,interval_mean,interval_variance,bytes_per_packet,packets_per_second,byte_rate,burst_ratio,interval_entropy,size_variance,label,attack_type
0.008838891983032227,465,7,0.0014731486638387044,6.847026714101251e-06,66.42857142857143,791.9544682113668,52608.40395975508,0.004647885771595781,0.867581822491998,2521.1020408163267,1,1_beacon_capture
0.008734464645385742,751,6,0.0017468929290771484,7.505290227527439e-06,125.16666666666667,686.9339156544288,85981.22844274601,0.004296365336765286,0.9502923795183904,14506.805555555555,1,1_beacon_capture
0.0029592514038085938,465,7,0.0004932085673014323,3.9977468052004246e-07,66.42857142857143,2365.4631002255883,157134.3345149855,0.0008105590758639718,0.867581822491998,2521.1020408163267,1,1_beacon_capture
0.002857208251953125,751,6,0.000571441650390625,3.798348961936426e-07,125.16666666666667,2099.951935914553,262843.9839786382,0.0006646958546581191,0.9502923795183904,14506.805555555555,1,1_beacon_capture
0.0027697086334228516,465,7,0.0004616181055704753,3.8071178052076806e-07,66.42857142857143,2527.341654471895,167887.69561849014,0.0008247332067928275,0.867581822491998,2521.1020408163267,1,1_beacon_capture
0.0026650428771972656,751,6,0.0005330085754394531,3.8902864162082547e-07,125.16666666666667,2251.370907139023,281796.59187690105,0.0007298731381574498,0.9502923795183904,14506.805555555555,1,1_beacon_capture
0.003145933151245117,465,7,0.0005243221918741862,4.3140419197445436e-07,66.42857142857143,2225.0949602122014,147809.87949981054,0.0008227845371800934,1.2424688727879487,2521.1020408163267,1,1_beacon_capture
0.003030538558959961,751,6,0.0006061077117919921,4.390657386466045e-07,125.16666666666667,1979.8461175359923,247810.73904492173,0.0007244021650021273,0.9502923795183904,14506.805555555555,1,1_beacon_capture
0.006601095199584961,465,7,0.0011001825332641602,2.65228866188257e-06,66.42857142857143,1060.4300935457075,70442.8562141077,0.0024107714689974454,0.867581822491998,2521.1020408163267,1,1_beacon_capture
0.0063533782958984375,751,6,0.0012706756591796876,2.831555630109506e-06,125.16666666666667,944.3794656259381,118204.82978084659,0.0022283858273774433,0.9502923795183904,14506.805555555555,1,1_beacon_capture
0.0026848316192626953,465,7,0.00044747193654378253,3.435568945380712e-07,66.42857142857143,2607.2398543646214,173195.21889707842,0.0007677730522983449,0.867581822491998,2521.1020408163267,1,1_beacon_capture
0.0025758743286132812,751,6,0.0005151748657226563,3.4926777971122645e-07,125.16666666666667,2329.306182895224,291551.4905590522,0.0006779596656395389,0.9502923795183904,14506.805555555555,1,1_beacon_capture
1.3821606636047363,11826,19,0.07678670353359646,0.02958287993693448,622.421052631579,13.746592925345709,8556.168838691492,0.3852604497338669,0.5566537727242385,966543.7174515236,1,2_dns_tunneling_capture
123.89517211914062,470,6,24.779034423828126,420.93308855584,78.33333333333333,0.04842803716540507,3.7935295779567304,16.987469380609134,1.054941741436195,29.555555555555557,1,2_dns_tunneling_capture
126.13310265541077,11948,32,4.068809763077767,153.72992013253761,373.375,0.2537002525611566,94.72533180002183,37.78252832746149,0.37953912647476695,323328.421875,1,2_dns_tunneling_capture
140.03093600273132,6288,60,2.373405694961548,23.49075717317865,104.8,0.4284767474440769,44.90436313213925,9.897489174752836,0.9091098501432273,1182.8933333333332,1,2_dns_tunneling_capture
48.30931210517883,12742,135,0.36051725451625993,0.05785471818798497,94.38518518518518,2.794492285588306,263.75867187382363,0.16047697430075603,2.0299322071972727,446.3108916323731,1,2_dns_tunneling_capture
140.56879115104675,4988,58,2.46611914300082,6.298693221220305,86.0,0.412609367449683,35.48440560067274,2.5540912080816733,0.6929958287227238,0.0,1,2_dns_tunneling_capture
0.4986889362335205,347,2,0.4986889362335205,0.0,173.5,4.010516084646928,695.8245406862419,0.0,0.00013333831113808507,3782.25,1,2_dns_tunneling_capture
0.49858593940734863,392,2,0.49858593940734863,0.0,196.0,4.011344568555882,786.2235354369528,0.0,0.00013333831113808507,7056.0,1,2_dns_tunneling_capture
0.3437793254852295,352,2,0.3437793254852295,0.0,176.0,5.817685508507783,1023.9126494973698,0.0,0.00013333831113808507,7056.0,1,2_dns_tunneling_capture
0.34279870986938477,307,2,0.34279870986938477,0.0,153.5,5.834327675159723,895.5692981370174,0.0,0.00013333831113808507,3782.25,1,2_dns_tunneling_capture
0.3689422607421875,162,3,0.18447113037109375,0.03400374182297128,54.0,8.13135365399727,439.0930973158526,0.1843309668811982,0.6932064423178683,0.0,1,2_dns_tunneling_capture
124.2673327922821,1560,16,8.284488852818807,262.5261255104948,97.5,0.12875467462349618,12.553580775790879,31.68887425337895,0.50041155800186,3296.75,1,2_dns_tunneling_capture
3.0016040802001953,198,3,1.5008020401000977,0.24984409856210732,66.0,0.9994655923441814,65.96472909471598,0.1664737199753831,0.6932064423178683,0.0,1,2_dns_tunneling_capture
3.0005550384521484,198,3,1.5002775192260742,0.24979166558318866,66.0,0.999815021406028,65.98779141279785,0.16649697298140212,0.6932064423178683,0.0,1,2_dns_tunneling_capture
3.0010011196136475,198,3,1.5005005598068237,0.250787997320586,66.0,0.9996664047850218,65.97798271581144,0.16713622376313725,0.6932064423178683,0.0,1,2_dns_tunneling_capture
77.60651540756226,205627,247,0.31547363986813926,4.127448383736896,832.497975708502,3.182722464767841,2649.610009161202,13.083338390687965,0.15273182313176675,295685.6750971168,1,2_dns_tunneling_capture
140.56171703338623,5808,68,2.0979360751251677,5.973877137758571,85.41176470588235,0.4837732594277333,41.31992780523934,2.8475019847314247,0.6796107730503028,4.359861591695501,1,2_dns_tunneling_capture
140.8415412902832,5225,39,3.706356349744295,31.544994573686644,133.97435897435898,0.2769069384125708,37.09842956937647,8.511052796060197,0.9134832614265129,5929.15318869165,1,2_dns_tunneling_capture
3.002272605895996,258,3,1.501136302947998,0.2501084922215,86.0,0.9992430381266735,85.93490127889392,0.16661277975246208,0.6932064423178683,0.0,1,2_dns_tunneling_capture
3.001040458679199,258,3,1.5005202293395996,0.25072507904047825,86.0,0.9996533006823717,85.97018385868395,0.16709210188444173,0.6932064423178683,0.0,1,2_dns_tunneling_capture
3.0005249977111816,258,3,1.5002624988555908,0.2500395790505081,86.0,0.999825031382314,85.98495269887901,0.16666388664732992,0.6932064423178683,0.0,1,2_dns_tunneling_capture
138.71903586387634,7759,38,3.7491631314561173,33.95942712108833,204.18421052631578,0.2739350065645571,55.93320305090523,9.057868631045407,1.029020360055572,81589.57132963988,1,2_dns_tunneling_capture
3.0008981227874756,258,3,1.5004490613937378,0.2499326512878639,86.0,0.9997007153356338,85.97426151886451,0.16657190018547272,0.6932064423178683,0.0,1,2_dns_tunneling_capture
3.0005342960357666,258,3,1.5002671480178833,0.25069702504664804,86.0,0.9998219330349023,85.9846862410016,0.16710158945882597,0.6932064423178683,0.0,1,2_dns_tunneling_capture
3.0013327598571777,258,3,1.5006663799285889,0.25033222738244376,86.0,0.9995559439876166,85.96181118293504,0.1668140439011875,0.6932064423178683,0.0,1,2_dns_tunneling_capture
3.000746250152588,198,3,1.500373125076294,0.25008035351680746,66.0,0.9997513118103372,65.98358657948225,0.16667877432428074,0.6932064423178683,0.0,1,2_dns_tunneling_capture
3.0004825592041016,198,3,1.5002412796020508,0.25021223756107247,66.0,0.9998391728015145,65.98938540489995,0.16678133108525248,0.6932064423178683,0.0,1,2_dns_tunneling_capture
3.000340700149536,198,3,1.500170350074768,0.2502832022207855,66.0,0.9998864461794225,65.99250544784188,0.16683652107129796,0.6932064423178683,0.0,1,2_dns_tunneling_capture
0.9997150897979736,172,2,0.9997150897979736,0.0,86.0,2.000569982797967,172.04901852062514,0.0,0.00013333831113808507,0.0,1,2_dns_tunneling_capture
1.0005505084991455,172,2,1.0005505084991455,0.0,86.0,1.9988995887874341,171.90536463571934,0.0,0.00013333831113808507,0.0,1,2_dns_tunneling_capture
1.0004308223724365,172,2,1.0004308223724365,0.0,86.0,1.999138726311101,171.92593046275468,0.0,0.00013333831113808507,0.0,1,2_dns_tunneling_capture
1.0000004768371582,172,2,1.0000004768371582,0.0,86.0,1.9999990463261383,171.9999179840479,0.0,0.00013333831113808507,0.0,1,2_dns_tunneling_capture
1.0007739067077637,172,2,1.0007739067077637,0.0,86.0,1.9984533835213398,171.86699098283523,0.0,0.00013333831113808507,0.0,1,2_dns_tunneling_capture
1.000612497329712,172,2,1.000612497329712,0.0,86.0,1.998775755187255,171.89471494610393,0.0,0.00013333831113808507,0.0,1,2_dns_tunneling_capture
1.0586423873901367,8418,19,0.05881346596611871,0.006199151863226526,443.05263157894734,17.947514879732484,7951.693697767792,0.10540361397503314,1.45462854417806,220779.20775623267,1,2_dns_tunneling_capture
137.66376566886902,4664,44,3.2014829225318375,32.62281680961898,106.0,0.3196193260166648,33.87964855776647,10.189908114149736,0.5423523123246469,1056.0,1,2_dns_tunneling_capture
1.001133680343628,172,2,1.001133680343628,0.0,86.0,1.9977352068642045,171.8052277903216,0.0,0.00013333831113808507,0.0,1,2_dns_tunneling_capture
1.00087571144104,172,2,1.00087571144104,0.0,86.0,1.9982501095170364,171.84950941846512,0.0,0.00013333831113808507,0.0,1,2_dns_tunneling_capture
1.0011556148529053,172,2,1.0011556148529053,0.0,86.0,1.997691438102607,171.8014636768242,0.0,0.00013333831113808507,0.0,1,2_dns_tunneling_capture
1.0000832080841064,172,2,1.0000832080841064,0.0,86.0,1.9998335976778054,171.98568940029128,0.0,0.00013333831113808507,0.0,1,2_dns_tunneling_capture
0.9998314380645752,172,2,0.9998314380645752,0.0,86.0,2.000337180706682,172.02899754077467,0.0,0.00013333831113808507,0.0,1,2_dns_tunneling_capture
0.9996614456176758,172,2,0.9996614456176758,0.0,86.0,2.0006773380804237,172.05825107491646,0.0,0.00013333831113808507,0.0,1,2_dns_tunneling_capture
1.0006954669952393,132,2,1.0006954669952393,0.0,66.0,1.9986100326859129,131.90826215727026,0.0,0.00013333831113808507,0.0,1,2_dns_tunneling_capture
1.0003247261047363,132,2,1.0003247261047363,0.0,66.0,1.999350758616153,131.9571500686661,0.0,0.00013333831113808507,0.0,1,2_dns_tunneling_capture
1.0001170635223389,132,2,1.0001170635223389,0.0,66.0,1.9997659003598507,131.98454942375014,0.0,0.00013333831113808507,0.0,1,2_dns_tunneling_capture
85.23251414299011,2574,18,5.01367730252883,74.12421167114579,143.0,0.21118701215128238,30.19974273763338,14.784400191404131,1.200091587604217,3387.3333333333335,1,2_dns_tunneling_capture
130.8654384613037,12499,43,3.1158437728881836,44.24513392648947,290.6744186046512,0.32858178985672293,95.5103207306786,14.200048895736876,0.878935975190077,165631.10329908057,1,2_dns_tunneling_capture
86.43298673629761,3430,22,4.115856511252267,54.880400282666045,155.9090909090909,0.25453245144843617,39.683923112188005,13.333895419490327,1.128209828527277,4444.264462809918,1,2_dns_tunneling_capture
0.6867470741271973,13175,25,0.028614461421966553,0.004943367173208202,527.0,36.40350420389206,19184.646715451116,0.17275765216441613,0.6816142709786268,276604.88,1,2_dns_tunneling_capture
0.37735700607299805,11930,22,0.017969381241571335,0.001180725935079106,542.2727272727273,58.3002293476544,31614.624368978046,0.06570765677493397,1.1102037741583899,274265.3801652892,1,2_dns_tunneling_capture
1.8633098602294922,13120,20,0.09806894001207854,0.027133768250100693,656.0,10.733587808920158,7041.233602651623,0.27668054989437835,0.7080253996015351,1865231.7,1,2_dns_tunneling_capture
90.39835929870605,483,6,18.07967185974121,483.1879420166914,80.5,0.06637288604070807,5.343017326277,26.725481843098432,0.6730368862782243,30.25,1,2_dns_tunneling_capture
0.48481297492980957,13834,25,0.020200540622075398,0.0016931069594931082,553.36,51.566276673225296,28534.71485989595,0.08381493303416149,0.709717666314942,292837.0304,1,2_dns_tunneling_capture
0.06319570541381836,392,2,0.06319570541381836,0.0,196.0,31.647720156038964,6202.953150583637,0.0,0.00013333831113808507,7056.0,1,2_dns_tunneling_capture
0.06293988227844238,392,2,0.06293988227844238,0.0,196.0,31.776354317793544,6228.165446287535,0.0,0.00013333831113808507,7056.0,1,2_dns_tunneling_capture
0.0627601146697998,347,2,0.0627601146697998,0.0,173.5,31.867373259634928,5528.98926054666,0.0,0.00013333831113808507,3782.25,1,2_dns_tunneling_capture
104.40671420097351,57353,99,1.0653746347038113,30.698014873968436,579.3232323232323,0.9482148802177025,549.322909344706,28.81429111788728,0.17049629277104061,640282.7440057137,1,2_dns_tunneling_capture
1.865391731262207,18536,30,0.06432385280214507,0.019453853236813343,617.8666666666667,16.082412877267696,9936.786836434467,0.302436069814596,0.545973691525023,949139.5155555554,1,2_dns_tunneling_capture
96.28223276138306,12659,23,4.376465125517412,165.72501410066351,550.3913043478261,0.2388810410847146,131.4780477865827,37.86732199335657,0.3046425836767702,1261071.6294896037,1,2_dns_tunneling_capture
0.05853867530822754,247,2,0.05853867530822754,0.0,123.5,34.165446851492085,4219.432686159273,0.0,0.00013333831113808507,870.25,1,2_dns_tunneling_capture
0.059525251388549805,268,2,0.059525251388549805,0.0,134.0,33.599186115906384,4502.2909395314555,0.0,0.00013333831113808507,1600.0,1,2_dns_tunneling_capture
0.05806255340576172,309,2,0.05806255340576172,0.0,154.5,34.44560879063121,5321.846558152522,0.0,0.00013333831113808507,3660.25,1,2_dns_tunneling_capture
100.85985326766968,17166,41,2.521496331691742,96.13744865450099,418.6829268292683,0.4065046564284704,170.19655932319813,38.12714198556843,0.31412635469103867,243283.04580606773,1,2_dns_tunneling_capture
0.6986498832702637,15458,28,0.025875921602602357,0.004714604802762863,552.0714285714286,40.07729861620626,22125.531500332723,0.18220045937566576,0.502796998318865,294162.0663265306,1,2_dns_tunneling_capture
45.1090362071991,668,8,6.444148029599871,246.3549329464366,83.5,0.1773480586739571,14.808562899275417,38.229247964952975,0.4101351883000036,190.0,1,2_dns_tunneling_capture
1.9442574977874756,9056,19,0.10801430543263753,0.021877330765241888,476.63157894736844,9.772368125940933,4657.819249922162,0.2025410493324475,1.0587929179485571,729278.4432132965,1,2_dns_tunneling_capture
60.136940479278564,16326,175,0.3456146004556239,0.05722786202213946,93.29142857142857,2.910024996371405,271.4803890900546,0.16558288320775782,1.9888199362168018,468.02364081632646,1,2_dns_tunneling_capture
1.6379122734069824,12412,23,0.07445055788213556,0.019093483977140162,539.6521739130435,14.042266105106012,7577.9394302859055,0.25645857492925045,0.649693344682119,695722.0529300566,1,2_dns_tunneling_capture
33.266005516052246,883,6,6.653201103210449,151.40710519616945,147.16666666666666,0.18036430605125547,26.543613707209765,22.757031216613782,0.50042806911777,2139.138888888889,1,2_dns_tunneling_capture
1.3877975940704346,9663,25,0.057824899752934776,0.014332555903199684,386.52,18.014154302339264,6962.830920940173,0.2478613186436569,0.6238526184311586,206269.2096,1,2_dns_tunneling_capture
0.9175601005554199,12066,28,0.033983707427978516,0.004635191683144479,430.92857142857144,30.515712249313115,13150.092285721857,0.1363945264938446,1.0254340374665465,239995.06632653062,1,2_dns_tunneling_capture
8.276349067687988,148,2,8.276349067687988,0.0,74.0,0.24165244646438086,17.882281038364184,0.0,0.00013333831113808507,0.0,1,2_dns_tunneling_capture
51.71110796928406,2064,24,2.248309042142785,23.137016972998005,86.0,0.4641169168963811,39.91405485308878,10.290852609366778,0.7031357312568207,0.0,1,2_dns_tunneling_capture
0.10640454292297363,261,2,0.10640454292297363,0.0,130.5,18.796189946963093,2452.902788078684,0.0,0.00013333831113808507,1332.25,1,2_dns_tunneling_capture
1.707500696182251,9057,19,0.09486114978790283,0.017523834707240046,476.6842105263158,11.127374672514936,5304.243810998304,0.1847314179347505,0.9779310049620951,729310.2160664819,1,2_dns_tunneling_capture
0.1122889518737793,261,2,0.1122889518737793,0.0,130.5,17.81119127595154,2324.360461511676,0.0,0.00013333831113808507,1332.25,1,2_dns_tunneling_capture
0.04814267158508301,261,2,0.04814267158508301,0.0,130.5,41.54318682679212,5421.385880896372,0.0,0.00013333831113808507,1332.25,1,2_dns_tunneling_capture
0.2191481590270996,301,2,0.2191481590270996,0.0,150.5,9.12624595560797,1373.5000163189995,0.0,0.00013333831113808507,1332.25,1,2_dns_tunneling_capture
0.0631399154663086,261,2,0.0631399154663086,0.0,130.5,31.675683840077333,4133.676741130092,0.0,0.00013333831113808507,1332.25,1,2_dns_tunneling_capture
0.21175050735473633,301,2,0.21175050735473633,0.0,150.5,9.44507772370759,1421.4841974179922,0.0,0.00013333831113808507,1332.25,1,2_dns_tunneling_capture
0.05530500411987305,261,2,0.05530500411987305,0.0,130.5,36.163092867058104,4719.283619151082,0.0,0.00013333831113808507,1332.25,1,2_dns_tunneling_capture
0.23267030715942383,301,2,0.23267030715942383,0.0,150.5,8.595854040926744,1293.6760331594749,0.0,0.00013333831113808507,1332.25,1,2_dns_tunneling_capture
0.07719540596008301,261,2,0.07719540596008301,0.0,130.5,25.908277508562886,3381.030214867457,0.0,0.00013333831113808507,1332.25,1,2_dns_tunneling_capture
0.0895686149597168,222,3,0.0447843074798584,0.0019967604276303064,74.0,33.49387507386645,2478.5467554661172,0.04458616287699309,0.6932064423178683,0.0,1,2_dns_tunneling_capture
0.222822904586792,301,2,0.222822904586792,0.0,150.5,8.975737946280015,1350.8485609151421,0.0,0.00013333831113808507,1332.25,1,2_dns_tunneling_capture
0.06631970405578613,261,2,0.06631970405578613,0.0,130.5,30.156950011683712,3935.4819765247244,0.0,0.00013333831113808507,1332.25,1,2_dns_tunneling_capture
0.2536470890045166,301,2,0.2536470890045166,0.0,150.5,7.884971232468537,1186.6881704865148,0.0,0.00013333831113808507,1332.25,1,2_dns_tunneling_capture
0.09741401672363281,261,2,0.09741401672363281,0.0,130.5,20.53092632114816,2679.2858849098347,0.0,0.00013333831113808507,1332.25,1,2_dns_tunneling_capture
0.2626986503601074,301,2,0.2626986503601074,0.0,150.5,7.613286163664713,1145.7995676315393,0.0,0.00013333831113808507,1332.25,1,2_dns_tunneling_capture
0.1065058708190918,261,2,0.1065058708190918,0.0,130.5,18.77830756763775,2450.5691375767265,0.0,0.00013333831113808507,1332.25,1,2_dns_tunneling_capture
0.18854975700378418,301,2,0.18854975700378418,0.0,150.5,10.607279647461228,1596.3955869429149,0.0,0.00013333831113808507,1332.25,1,2_dns_tunneling_capture
0.03245091438293457,261,2,0.03245091438293457,0.0,130.5,61.63154530560066,8042.916662380886,0.0,0.00013333831113808507,1332.25,1,2_dns_tunneling_capture
0.2629225254058838,301,2,0.2629225254058838,0.0,150.5,7.606803551397971,1144.8239344853946,0.0,0.00013333831113808507,1332.25,1,2_dns_tunneling_capture
0.1074216365814209,261,2,0.1074216365814209,0.0,130.5,18.61822314058758,2429.6781198466792,0.0,0.00013333831113808507,1332.25,1,2_dns_tunneling_capture
37.15859127044678,10276,110,0.34090450706831904,0.0561024855965913,93.41818181818182,2.9602844521042417,276.5443911802108,0.16456950387384603,1.9964764049309445,476.9705785123968,1,2_dns_tunneling_capture
0.21920442581176758,301,2,0.21920442581176758,0.0,150.5,9.123903372815175,1373.147457608684,0.0,0.00013333831113808507,1332.25,1,2_dns_tunneling_capture
0.06305503845214844,261,2,0.06305503845214844,0.0,130.5,31.718321788317855,4139.24099337548,0.0,0.00013333831113808507,1332.25,1,2_dns_tunneling_capture
0.27703428268432617,301,2,0.27703428268432617,0.0,150.5,7.219323112724469,1086.5081284650325,0.0,0.00013333831113808507,1332.25,1,2_dns_tunneling_capture
0.12086749076843262,261,2,0.12086749076843262,0.0,130.5,16.54704658204377,2159.3895789567123,0.0,0.00013333831113808507,1332.25,1,2_dns_tunneling_capture
0.22708630561828613,301,2,0.22708630561828613,0.0,150.5,8.807224172125286,1325.4872379048556,0.0,0.00013333831113808507,1332.25,1,2_dns_tunneling_capture
0.07126164436340332,261,2,0.07126164436340332,0.0,130.5,28.065588688928813,3662.55932390521,0.0,0.00013333831113808507,1332.25,1,2_dns_tunneling_capture
0.6958186626434326,511,4,0.23193955421447754,0.01836059971200636,127.75,5.7486241958557125,734.3867410205672,0.07916114081614588,1.0986468580825692,1281.6875,1,2_dns_tunneling_capture
28.43234395980835,54315,70,0.41206295593925146,10.005064654536381,775.9285714285714,2.461984847220167,1910.324385382334,24.280427323856266,0.07575334425136546,321141.63775510207,1,2_dns_tunneling_capture
0.10694146156311035,261,2,0.10694146156311035,0.0,130.5,18.701820330178688,2440.587553088319,0.0,0.00013333831113808507,1332.25,1,2_dns_tunneling_capture
0.2188270092010498,301,2,0.2188270092010498,0.0,150.5,9.139639605285092,1375.5157605954064,0.0,0.00013333831113808507,1332.25,1,2_dns_tunneling_capture
0.06328749656677246,261,2,0.06328749656677246,0.0,130.5,31.60181881882259,4124.037355856348,0.0,0.00013333831113808507,1332.25,1,2_dns_tunneling_capture
0.18875861167907715,301,2,0.18875861167907715,0.0,150.5,10.595543070640677,1594.6292321314218,0.0,0.00013333831113808507,1332.25,1,2_dns_tunneling_capture
0.03145003318786621,261,2,0.03145003318786621,0.0,130.5,63.59293766251488,8298.878364958191,0.0,0.00013333831113808507,1332.25,1,2_dns_tunneling_capture
0.23298072814941406,301,2,0.23298072814941406,0.0,150.5,8.584401018428313,1291.952353273461,0.0,0.00013333831113808507,1332.25,1,2_dns_tunneling_capture
0.07594633102416992,261,2,0.07594633102416992,0.0,130.5,26.33438604642402,3436.6373790583343,0.0,0.00013333831113808507,1332.25,1,2_dns_tunneling_capture
0.1945803165435791,301,2,0.1945803165435791,0.0,150.5,10.27853194776806,1546.9190581390933,0.0,0.00013333831113808507,1332.25,1,2_dns_tunneling_capture
0.03766179084777832,261,2,0.03766179084777832,0.0,130.5,53.10421928908303,6930.100617225335,0.0,0.00013333831113808507,1332.25,1,2_dns_tunneling_capture
0.25655388832092285,301,2,0.25655388832092285,0.0,150.5,7.795633163424142,1173.2427910953334,0.0,0.00013333831113808507,1332.25,1,2_dns_tunneling_capture
0.09917283058166504,261,2,0.09917283058166504,0.0,130.5,20.166813715708926,2631.7691899000147,0.0,0.00013333831113808507,1332.25,1,2_dns_tunneling_capture
0.19818377494812012,301,2,0.19818377494812012,0.0,150.5,10.091643478501473,1518.7923435144717,0.0,0.00013333831113808507,1332.25,1,2_dns_tunneling_capture
0.0403132438659668,261,2,0.0403132438659668,0.0,130.5,49.61148764534024,6474.299137716902,0.0,0.00013333831113808507,1332.25,1,2_dns_tunneling_capture
0.2066025733947754,301,2,0.2066025733947754,0.0,150.5,9.680421531722201,1456.9034405241912,0.0,0.00013333831113808507,1332.25,1,2_dns_tunneling_capture
0.04994392395019531,261,2,0.04994392395019531,0.0,130.5,40.044911208707276,5225.8609127363,0.0,0.00013333831113808507,1332.25,1,2_dns_tunneling_capture
0.3099086284637451,301,2,0.3099086284637451,0.0,150.5,6.453515056725732,971.2540160372228,0.0,0.00013333831113808507,1332.25,1,2_dns_tunneling_capture
0.1521925926208496,261,2,0.1521925926208496,0.0,130.5,13.141244035329024,1714.9323466104377,0.0,0.00013333831113808507,1332.25,1,2_dns_tunneling_capture
0.2225034236907959,301,2,0.2225034236907959,0.0,150.5,8.988625733594644,1352.7881729059939,0.0,0.00013333831113808507,1332.25,1,2_dns_tunneling_capture
0.06518936157226562,261,2,0.06518936157226562,0.0,130.5,30.679852536719526,4003.7207560418983,0.0,0.00013333831113808507,1332.25,1,2_dns_tunneling_capture
0.21030735969543457,301,2,0.21030735969543457,0.0,150.5,9.509890680461131,1431.2385474094,0.0,0.00013333831113808507,1332.25,1,2_dns_tunneling_capture
0.053850412368774414,261,2,0.053850412368774414,0.0,130.5,37.139919863635356,4846.759542204414,0.0,0.00013333831113808507,1332.25,1,2_dns_tunneling_capture
0.22463035583496094,301,2,0.22463035583496094,0.0,150.5,8.903516145740463,1339.9791799339396,0.0,0.00013333831113808507,1332.25,1,2_dns_tunneling_capture
0.06814169883728027,261,2,0.06814169883728027,0.0,130.5,29.35060372908991,3830.2537866462335,0.0,0.00013333831113808507,1332.25,1,2_dns_tunneling_capture
0.18459510803222656,301,2,0.18459510803222656,0.0,150.5,10.834523305194201,1630.5957574317274,0.0,0.00013333831113808507,1332.25,1,2_dns_tunneling_capture
0.02807760238647461,261,2,0.02807760238647461,0.0,130.5,71.23115330400965,9295.665506173258,0.0,0.00013333831113808507,1332.25,1,2_dns_tunneling_capture
0.23874354362487793,301,2,0.23874354362487793,0.0,150.5,8.377189890179686,1260.7670784720426,0.0,0.00013333831113808507,1332.25,1,2_dns_tunneling_capture
0.08196330070495605,261,2,0.08196330070495605,0.0,130.5,24.401164701741525,3184.3519935772692,0.0,0.00013333831113808507,1332.25,1,2_dns_tunneling_capture
0.052516937255859375,267,2,0.052516937255859375,0.0,133.5,38.082951986634704,5084.074090215733,0.0,0.00013333831113808507,1190.25,1,2_dns_tunneling_capture
0.0522160530090332,295,2,0.0522160530090332,0.0,147.5,38.30239715081503,5649.603579745217,0.0,0.00013333831113808507,2352.25,1,2_dns_tunneling_capture
0.05327248573303223,283,2,0.05327248573303223,0.0,141.5,37.54283233605292,5312.3107755514875,0.0,0.00013333831113808507,1806.25,1,2_dns_tunneling_capture
0.8328094482421875,88601,79,0.010677044208233174,0.0008568466805159869,1121.5316455696202,94.85963465801865,106388.08215614063,0.08025130024799035,0.3667640980557496,1723279.9452010894,1,2_dns_tunneling_capture
0.2537388801574707,301,2,0.2537388801574707,0.0,150.5,7.882118809536785,1186.2588808352862,0.0,0.00013333831113808507,1332.25,1,2_dns_tunneling_capture
0.09813261032104492,261,2,0.09813261032104492,0.0,130.5,20.380584939674147,2659.6663346274763,0.0,0.00013333831113808507,1332.25,1,2_dns_tunneling_capture
0.21915841102600098,301,2,0.21915841102600098,0.0,150.5,9.12581903946511,1373.4357654394992,0.0,0.00013333831113808507,1332.25,1,2_dns_tunneling_capture
0.06277203559875488,261,2,0.06277203559875488,0.0,130.5,31.861321381772605,4157.902440321325,0.0,0.00013333831113808507,1332.25,1,2_dns_tunneling_capture
0.18208670616149902,301,2,0.18208670616149902,0.0,150.5,10.983778234892835,1653.0586243513717,0.0,0.00013333831113808507,1332.25,1,2_dns_tunneling_capture
0.025728464126586914,261,2,0.025728464126586914,0.0,130.5,77.73491608981308,10144.406549720608,0.0,0.00013333831113808507,1332.25,1,2_dns_tunneling_capture
0.10765671730041504,121,2,0.10765671730041504,0.0,60.5,18.577568127207698,1123.9428716960658,0.0,0.00013333831113808507,30.25,1,2_dns_tunneling_capture
0.16930603981018066,301,2,0.16930603981018066,0.0,150.5,11.812927655991022,1777.8456122266487,0.0,0.00013333831113808507,1332.25,1,2_dns_tunneling_capture
0.013620376586914062,261,2,0.013620376586914062,0.0,130.5,146.83881809270412,19162.465761097887,0.0,0.00013333831113808507,1332.25,1,2_dns_tunneling_capture
0.24692893028259277,301,2,0.24692893028259277,0.0,150.5,8.099496473382608,1218.9742192440824,0.0,0.00013333831113808507,1332.25,1,2_dns_tunneling_capture
0.09127211570739746,261,2,0.09127211570739746,0.0,130.5,21.912497420478918,2859.5809133724983,0.0,0.00013333831113808507,1332.25,1,2_dns_tunneling_capture
0.2225663661956787,301,2,0.2225663661956787,0.0,150.5,8.986083720491777,1352.4055999340126,0.0,0.00013333831113808507,1332.25,1,2_dns_tunneling_capture
0.06591129302978516,261,2,0.06591129302978516,0.0,130.5,30.343813754286458,3959.8676949343826,0.0,0.00013333831113808507,1332.25,1,2_dns_tunneling_capture
0.3178102970123291,301,2,0.3178102970123291,0.0,150.5,6.2930623041531355,947.1058767750468,0.0,0.00013333831113808507,1332.25,1,2_dns_tunneling_capture
0.1612391471862793,261,2,0.1612391471862793,0.0,130.5,12.403935613039454,1618.7135975016488,0.0,0.00013333831113808507,1332.25,1,2_dns_tunneling_capture
0.28488683700561523,301,2,0.28488683700561523,0.0,150.5,7.020331374455813,1056.5598718555998,0.0,0.00013333831113808507,1332.25,1,2_dns_tunneling_capture
0.12866640090942383,261,2,0.12866640090942383,0.0,130.5,15.544073556607234,2028.501599137244,0.0,0.00013333831113808507,1332.25,1,2_dns_tunneling_capture
0.2759733200073242,301,2,0.2759733200073242,0.0,150.5,7.247077362213568,1090.685143013142,0.0,0.00013333831113808507,1332.25,1,2_dns_tunneling_capture
0.11919903755187988,261,2,0.11919903755187988,0.0,130.5,16.77865896467096,2189.6149948895604,0.0,0.00013333831113808507,1332.25,1,2_dns_tunneling_capture
0.22295403480529785,301,2,0.22295403480529785,0.0,150.5,8.970458873940396,1350.0540605280296,0.0,0.00013333831113808507,1332.25,1,2_dns_tunneling_capture
0.06618309020996094,261,2,0.06618309020996094,0.0,130.5,30.219199400559095,3943.6055217729618,0.0,0.00013333831113808507,1332.25,1,2_dns_tunneling_capture
0.05635571479797363,234,2,0.05635571479797363,0.0,117.0,35.488858710597235,4152.196469139876,0.0,0.00013333831113808507,64.0,1,2_dns_tunneling_capture
0.05592155456542969,246,2,0.05592155456542969,0.0,123.0,35.7643848698796,4399.019338995191,0.0,0.00013333831113808507,196.0,1,2_dns_tunneling_capture
0.45130491256713867,11476,24,0.019621952720310375,0.0013751315188183964,478.1666666666667,53.179124205588224,25428.484557638767,0.0700812777616684,0.8378137450081313,259326.97222222216,1,2_dns_tunneling_capture
11.999563455581665,242,2,11.999563455581665,0.0,121.0,0.16667273000416433,20.167400330503884,0.0,0.00013333831113808507,0.0,1,3_exfiltration_capture
11.999164342880249,282,2,11.999164342880249,0.0,141.0,0.1666782738238524,23.50163660916319,0.0,0.00013333831113808507,0.0,1,3_exfiltration_capture
135.0003468990326,292,4,45.000115633010864,2.9824013836332597e-07,73.0,0.029629553492863385,2.162957404979027,6.6275416000163585e-09,1.0986468580825692,0.0,1,3_exfiltration_capture
0.0026869773864746094,296020,21,0.00013434886932373047,2.937154306437151e-08,14096.190476190477,7815.473291925466,110168400.18456078,0.00021862143844022304,0.9142908453002181,185824814.53514734,1,3_exfiltration_capture
0.002602100372314453,1491,21,0.00013010501861572267,2.4724943727960632e-08,71.0,8070.403518416712,572998.6498075866,0.00019003835509979875,1.1898894235533768,7213.714285714285,1,3_exfiltration_capture
0.03303098678588867,188,4,0.011010328928629557,0.0002318884648325871,47.0,121.09841059029031,5691.625297743644,0.021060993394086548,0.6365549854702234,27.0,1,4_lateral_scan_capture
0.0327763557434082,144,3,0.0163881778717041,0.0002582643233495219,48.0,91.52939464917003,4393.410943160161,0.01575918478377283,0.6932064423178683,32.0,1,4_lateral_scan_capture
0.6687459945678711,163,2,0.6687459945678711,0.0,81.5,2.9906721180324314,243.73977761964318,0.0,0.00013333831113808507,20.25,1,5_jittered_beacon
0.669281005859375,203,2,0.669281005859375,0.0,101.5,2.988281428115453,303.3105649537185,0.0,0.00013333831113808507,20.25,1,5_jittered_beacon
490.7552328109741,111376,2475,0.1983650900610243,3.6767516699463303,45.00040404040404,5.043247294223563,226.94816591573476,18.535275883550014,0.0706942021705759,0.00040387715539230685,1,5_jittered_beacon
490.75518703460693,108900,2475,0.19836507155804645,3.67676277607358,44.0,5.043247764644551,221.90290164436024,18.53533360079307,0.0706942021705759,0.0,1,5_jittered_beacon
490.7547130584717,110672,2459,0.19965610783501694,3.700691904254587,45.00691337942253,5.010649790146832,225.51388107976015,18.535330295593074,0.07109337907944777,0.02069234345254859,1,5_jittered_beacon
490.75467801094055,108196,2459,0.19965609357646077,3.7006952232126307,44.0,5.010650147985305,220.4686065113534,18.535348242679124,0.07109337907944777,0.0,1,5_jittered_beacon
3.0318779945373535,1710,38,0.08194264850100956,0.23933042065755333,45.0,12.533485868648409,564.0068640891784,2.920706433532042,0.12425488623278283,0.0,1,5_jittered_beacon
3.0318548679351807,1672,38,0.08194202345770758,0.23933281603357054,44.0,12.533581472479776,551.4775847891102,2.9207579448791186,0.12425488623278283,0.0,1,5_jittered_beacon
3.03139591217041,1710,38,0.08192961924784892,0.23944751301029432,45.0,12.535479066735585,564.0965580031013,2.9226000951613242,0.12425488623278283,0.0,1,5_jittered_beacon
3.031369924545288,1672,38,0.08192891687960238,0.23945237275857698,44.0,12.535586532118835,551.5658074132288,2.9226844669564134,0.12425488623278283,0.0,1,5_jittered_beacon
3.023557186126709,808,4,1.0078523953755696,1.791263254189188e-05,202.0,1.3229450457737666,267.23489924630087,1.777307135854636e-05,0.6365549854702233,0.0,1,5_jittered_beacon
405.35483288764954,59040,1312,0.30919514331628495,5.823283748844547,45.0,3.236670426879162,145.65016920956228,18.833684405216342,0.0996495811619303,0.0,1,5_jittered_beacon
405.35481214523315,57728,1312,0.30919512749445704,5.823305339605053,44.0,3.2366705925028665,142.41350607012615,18.833755197870794,0.0996495811619303,0.0,1,5_jittered_beacon
405.35381293296814,58732,1305,0.3108541510222148,5.854415024360964,45.00536398467433,3.219409706689506,144.89070566535486,18.833317828020853,0.10010593055316766,0.0068677793925514905,1,5_jittered_beacon
405.35382199287415,57420,1305,0.3108541579699955,5.854428900711606,44.0,3.2194096347337293,141.6540239282841,18.833362046508935,0.10010593055316766,0.0,1,5_jittered_beacon
1034.8353221416473,3268,43,24.638936241467793,103.00819000922885,76.0,0.041552505099081066,3.157990387530161,4.180707681521743,0.8866105378527667,0.0,1,5_jittered_beacon
0.04887819290161133,285,6,0.009775638580322266,0.0002774742347355641,47.5,122.75412906687478,5830.8211306765525,0.02838425668621812,0.9502923795183904,25.25,1,5_jittered_beacon
0.04851794242858887,189,4,0.01617264747619629,0.0003548088980475465,47.25,82.44372699620146,3895.466100570519,0.02193882594484125,1.0986468580825692,25.6875,1,5_jittered_beacon
0.0265810489654541,471,7,0.004430174827575684,6.702456613065048e-05,67.28571428571429,263.3455139072016,17719.391007184564,0.015129101838928604,0.867581822491998,2735.6326530612237,1,5_jittered_beacon
0.0265200138092041,751,6,0.00530400276184082,7.640081663794261e-05,125.16666666666667,226.24422608398586,28318.23563151223,0.014404369693696533,0.9502923795183904,14506.805555555555,1,5_jittered_beacon
0.019414901733398438,1036,7,0.0032358169555664062,1.2537066481854708e-05,148.0,360.54779447882896,53361.07358286669,0.0038744671450861427,1.011422551405857,62441.142857142855,1,5_jittered_beacon
0.01933908462524414,751,6,0.003867816925048828,1.2669667044065135e-05,125.16666666666667,310.25253347141063,38833.2754395049,0.0032756635822170387,1.054941741436195,14506.805555555555,1,5_jittered_beacon
0.7874882221221924,1036,7,0.1312480370203654,0.08233076892847023,148.0,8.889021833413311,1315.57523134517,0.6272914307716099,0.450582929936251,62441.142857142855,1,5_jittered_beacon
0.787578821182251,751,6,0.1575157642364502,0.09468859829655685,125.16666666666667,7.618285101919418,953.5553519235805,0.6011372814369095,0.50042806911777,14506.805555555555,1,5_jittered_beacon
0.2809929847717285,1036,7,0.04683216412862142,0.009652924227920166,148.0,24.911653953519945,3686.9247851209516,0.20611740686185356,0.450582929936251,62441.142857142855,1,5_jittered_beacon
0.28097987174987793,751,6,0.056195974349975586,0.011069447051067983,125.16666666666667,21.353842759744253,2672.7893187613226,0.19697935980485037,0.50042806911777,14506.805555555555,1,5_jittered_beacon
0.4376511573791504,1036,7,0.07294185956319173,0.024624095214954247,148.0,15.994473867998225,2367.1821324637376,0.3375852406617308,0.450582929936251,62441.142857142855,1,5_jittered_beacon
0.43773388862609863,751,6,0.08754677772521972,0.02829924542971639,125.16666666666667,13.706957939290486,1715.6542354011924,0.32324713901565094,0.50042806911777,14506.805555555555,1,5_jittered_beacon
150.74192094802856,323,7,25.123653491338093,422.7664768794172,46.142857142857146,0.04643698286433139,2.1427350664541485,16.827428264968503,1.011422551405857,16.40816326530612,1,5_jittered_beacon
150.74176788330078,312,6,30.148353576660156,355.83564944424654,52.0,0.03980316858592901,2.0697647664683085,11.802821953094067,0.9502923795183905,32.0,1,5_jittered_beacon
0.026346206665039062,471,7,0.004391034444173177,7.877757973852163e-05,67.28571428571429,265.69289799464275,17877.33642221096,0.01794055153519874,0.450582929936251,2735.6326530612237,1,5_jittered_beacon
0.026176929473876953,751,6,0.0052353858947753905,9.187174290218535e-05,125.16666666666667,229.20946499808733,28689.3847022606,0.01754822753254311,0.50042806911777,14506.805555555555,1,5_jittered_beacon
0.01940011978149414,471,7,0.00323335329691569,3.1828539489550974e-05,67.28571428571429,360.82251444021136,24278.20061447708,0.009843817413925152,0.867581822491998,2735.6326530612237,1,5_jittered_beacon
0.019301891326904297,751,6,0.0038603782653808595,3.6720892412631654e-05,125.16666666666667,310.85036685688874,38908.10425158724,0.009512252398149077,0.9502923795183904,14506.805555555555,1,5_jittered_beacon
3.026160955429077,808,4,1.0087203184763591,1.551515281840289e-05,202.0,1.3218067574442163,267.0049650037317,1.5381025378608463e-05,0.6365549854702233,0.0,1,5_jittered_beacon
0.020826101303100586,471,7,0.0034710168838500977,4.608611727974221e-05,67.28571428571429,336.1166786871358,22615.85080880585,0.013277410863130945,0.450582929936251,2735.6326530612237,1,5_jittered_beacon
0.02081894874572754,751,6,0.004163789749145508,5.3074250545250833e-05,125.16666666666667,288.1989899336929,36072.90690670056,0.0127466211655242,0.50042806911777,14506.805555555555,1,5_jittered_beacon
0.01866888999938965,471,7,0.0031114816665649414,3.875132159218234e-05,67.28571428571429,374.9553401529954,25229.137887437264,0.012454298544835582,0.450582929936251,2735.6326530612237,1,5_jittered_beacon
0.01870107650756836,751,6,0.003740215301513672,4.463583249162184e-05,125.16666666666667,320.83714526122543,40158.11601519671,0.0119340275608085,0.50042806911777,14506.805555555555,1,5_jittered_beacon
0.005320072174072266,471,7,0.0008866786956787109,2.659660462237904e-06,67.28571428571429,1315.7716231961997,88532.63350363002,0.002999576368756733,0.450582929936251,2735.6326530612237,1,5_jittered_beacon
0.00527501106262207,751,6,0.001055002212524414,2.919602752626815e-06,125.16666666666667,1137.438372881356,142369.3696723164,0.0027673901703398106,0.50042806911777,14506.805555555555,1,5_jittered_beacon
3.022413969039917,808,4,1.0074713230133057,2.5845284085335152e-05,202.0,1.3234454449238195,267.33597987461155,2.565361762162417e-05,1.0986468580825692,0.0,1,5_jittered_beacon
0.0016410350799560547,471,7,0.00027350584665934247,8.809574896733666e-08,67.28571428571429,4265.600464913555,287013.97413918347,0.00032209822950169634,1.3296767034553376,2735.6326530612237,1,5_jittered_beacon
0.0015819072723388672,751,6,0.00031638145446777344,8.897025054466212e-08,125.16666666666667,3792.8898266767146,474743.3766390354,0.0002812119651397728,1.332197234676361,14506.805555555555,1,5_jittered_beacon
0.00391697883605957,471,7,0.0006528298060099283,9.440284508678411e-07,67.28571428571429,1787.0916063059224,120245.73522429849,0.0014460559891370586,1.011422551405857,2735.6326530612237,1,5_jittered_beacon
0.0036950111389160156,751,6,0.0007390022277832031,1.0232238901153323e-06,125.16666666666667,1623.8110723964382,203247.0192282875,0.0013846019019248608,0.9502923795183904,14506.805555555555,1,5_jittered_beacon
0.003331899642944336,471,7,0.0005553166071573893,8.943472080444635e-07,67.28571428571429,2100.9036135957067,141360.8002862254,0.0016105176695912955,0.867581822491998,2735.6326530612237,1,5_jittered_beacon
0.0032851696014404297,751,6,0.000657033920288086,9.655505300543152e-07,125.16666666666667,1826.3897234922708,228603.11372378256,0.0014695596380030968,0.9502923795183904,14506.805555555555,1,5_jittered_beacon
3.0186519622802734,808,4,1.006217320760091,2.3251941583011003e-06,202.0,1.3250947939617463,267.66914838027276,2.3108270055862895e-06,1.0986468580825692,0.0,1,5_jittered_beacon
0.0026581287384033203,471,7,0.0004430214564005534,3.32536509341076e-07,67.28571428571429,2633.4315185218406,177192.32074625528,0.0007506103926497331,1.011422551405857,2735.6326530612237,1,5_jittered_beacon
0.0026481151580810547,751,6,0.000529623031616211,3.374638390596375e-07,125.16666666666667,2265.762492122085,283597.938597281,0.0006371774241573754,1.054941741436195,14506.805555555555,1,5_jittered_beacon
0.013828039169311523,471,7,0.002304673194885254,1.3680383740203675e-05,67.28571428571429,506.2178313419197,34061.22836600631,0.0059359321619067125,0.867581822491998,2735.6326530612237,1,5_jittered_beacon
0.013709068298339844,751,6,0.0027418136596679688,1.563484654525382e-05,125.16666666666667,437.6665043478261,54781.257460869565,0.005702373861229937,0.9502923795183904,14506.805555555555,1,5_jittered_beacon
6.494786977767944,252,3,3.247393488883972,0.06745941555210777,84.0,0.4619089140674182,38.800348781663125,0.0207734035875312,0.6932064423178683,0.0,1,5_jittered_beacon
3.0341880321502686,808,4,1.011396010716756,1.5625316046276162e-05,202.0,1.3183098600403087,266.29859172814236,1.5449256157538937e-05,1.0986468580825692,0.0,1,5_jittered_beacon
0.0021970272064208984,471,7,0.0003661712010701497,2.9176833354287947e-07,67.28571428571429,3186.123494302767,214380.5951166576,0.0007968085220524581,1.011422551405857,2735.6326530612237,1,5_jittered_beacon
0.0021610260009765625,751,6,0.0004322052001953125,3.086126616835827e-07,125.16666666666667,2776.458958517211,347520.11297440424,0.0007140419910360204,1.054941741436195,14506.805555555555,1,5_jittered_beacon
0.00407099723815918,471,7,0.0006784995396931967,1.3220383421083977e-06,67.28571428571429,1719.480409956076,115696.46758418741,0.0019484734546853133,0.450582929936251,2735.6326530612237,1,5_jittered_beacon
0.004018068313598633,751,6,0.0008036136627197265,1.4406240234166034e-06,125.16666666666667,1493.2548507684091,186905.73215451255,0.0017926823425836213,0.9502923795183904,14506.805555555555,1,5_jittered_beacon
0.0023031234741210938,471,7,0.0003838539123535156,1.6680127146173618e-07,67.28571428571429,3039.350724637681,204504.88447204969,0.0004345436273894695,1.2424688727879487,2735.6326530612237,1,5_jittered_beacon
0.0022499561309814453,751,6,0.0004499912261962891,1.6520054032298504e-07,125.16666666666667,2666.71866059129,333784.2856840097,0.00036711946968255663,1.332197234676361,14506.805555555555,1,5_jittered_beacon
3.0279059410095215,808,4,1.009301980336507,1.803244975285957e-05,202.0,1.3210449987314918,266.85108974376135,1.786625817066905e-05,1.0986468580825692,0.0,1,5_jittered_beacon
0.003262042999267578,471,7,0.0005436738332112631,6.037306295386063e-07,67.28571428571429,2145.8944598742873,144388.04151439847,0.0011104647541571237,1.011422551405857,2735.6326530612237,1,5_jittered_beacon
0.003178834915161133,751,6,0.0006357669830322265,6.277546526689546e-07,125.16666666666667,1887.4839870996775,236250.0790519763,0.0009873973789499765,1.332197234676361,14506.805555555555,1,5_jittered_beacon
0.004111051559448242,471,7,0.0006851752599080404,1.003536575518006e-06,67.28571428571429,1702.727367627443,114569.22716464652,0.0014646421641853996,1.011422551405857,2735.6326530612237,1,5_jittered_beacon
0.0038881301879882812,751,6,0.0007776260375976562,1.091353842639364e-06,125.16666666666667,1543.158204562178,193151.96860436595,0.0014034430302911625,1.054941741436195,14506.805555555555,1,5_jittered_beacon
3.0224339962005615,808,4,1.0074779987335205,1.8865247284338693e-06,202.0,1.3234366755496783,267.334208461035,1.8725220112055846e-06,1.0986468580825692,0.0,1,5_jittered_beacon
0.0019199848175048828,471,7,0.00031999746958414715,1.0710803463906711e-07,67.28571428571429,3645.8621631690053,245314.43983608592,0.00033471525502454567,1.560723024837429,2735.6326530612237,1,5_jittered_beacon
0.0018699169158935547,751,6,0.0003739833831787109,1.0801737971632973e-07,125.16666666666667,3208.698712227464,401622.1221471376,0.0002888293559949769,1.332197234676361,14506.805555555555,1,5_jittered_beacon
0.01553201675415039,471,7,0.002588669459025065,2.5134516489641915e-05,67.28571428571429,450.68197586958524,30324.458662082092,0.00970943447492442,0.450582929936251,2735.6326530612237,1,5_jittered_beacon
0.015472888946533203,751,6,0.0030945777893066407,2.908953767018829e-05,125.16666666666667,387.77503158803046,48536.508120435145,0.009400163657448722,0.50042806911777,14506.805555555555,1,5_jittered_beacon
0.0028769969940185547,471,7,0.00047949949900309247,4.0468128601231814e-07,67.28571428571429,2433.0925665036875,163712.37126046242,0.0008439660246854778,1.2424688727879487,2735.6326530612237,1,5_jittered_beacon
0.002830982208251953,751,6,0.0005661964416503907,4.274781394997262e-07,125.16666666666667,2119.4057604850937,265278.95435405086,0.000754999692780975,1.332197234676361,14506.805555555555,1,5_jittered_beacon
3.025398015975952,808,4,1.0084660053253174,2.982236780250484e-05,202.0,1.3221400883049281,267.0722978375955,2.9572010999899346e-05,1.0986468580825692,0.0,1,5_jittered_beacon
0.020904064178466797,471,7,0.003484010696411133,4.674137778692966e-05,67.28571428571429,334.86311275348436,22531.503729555876,0.013415968508672431,0.450582929936251,2735.6326530612237,1,5_jittered_beacon
0.020838022232055664,751,6,0.004167604446411133,5.379844682011027e-05,125.16666666666667,287.93519524948226,36039.88860539353,0.012908721907722782,0.50042806911777,14506.805555555555,1,5_jittered_beacon
3.0211148262023926,808,4,1.0070382754007976,4.728210203413457e-06,202.0,1.3240145542657469,267.45093996168083,4.695164343710418e-06,1.0986468580825692,0.0,1,5_jittered_beacon
0.018193960189819336,471,7,0.0030323266983032227,3.5766495988317125e-05,67.28571428571429,384.74306456474164,25887.71191571333,0.01179506680738943,0.450582929936251,2735.6326530612237,1,6_distributed_c2
0.018158912658691406,804,6,0.003631782531738281,4.121606183161929e-05,134.0,330.4162596502285,44275.778793130616,0.011348714156596827,0.50042806911777,19116.333333333332,1,6_distributed_c2
157.4502718448639,96210,2138,0.07367818055445198,0.702919809742949,45.0,13.578890496337639,611.0500723351937,9.540406731725072,0.0373031295665351,0.0,1,6_distributed_c2
157.4502260684967,94072,2138,0.07367815913359696,0.7029232105822457,44.0,13.578894444202897,597.4713555449274,9.540455663498186,0.0373031295665351,0.0,1,6_distributed_c2
157.4497799873352,96078,2135,0.07378152764167535,0.7040359830218584,45.00140515222483,13.559879220991817,610.2136186390875,9.542171401506534,0.03734897218407478,0.0014031777720494272,1,6_distributed_c2
157.4497890472412,93940,2135,0.07378153188717958,0.7040359599301239,44.0,13.559878440735256,596.6346513923512,9.542170539460683,0.03734897218407478,0.0,1,6_distributed_c2
0.02034306526184082,471,7,0.00339051087697347,4.15956085062261e-05,67.28571428571429,344.09760328157046,23152.853020802813,0.012268242166312204,0.867581822491998,2735.6326530612237,1,6_distributed_c2
0.020309925079345703,804,6,0.004061985015869141,4.7785334922991756e-05,134.0,295.42206465851194,39586.556664240605,0.0117640352527906,0.9502923795183904,19116.333333333332,1,6_distributed_c2
150.03486394882202,456,6,30.006972789764404,1.703681014078029e-05,76.0,0.03999070510735854,3.0392935881592487,5.677617085916667e-07,1.3321972346763613,0.0,1,6_distributed_c2
0.01869678497314453,285,6,0.0037393569946289062,4.0925874804997876e-05,47.5,320.9107880642693,15243.262433052792,0.010944628946576244,0.9502923795183904,25.25,1,6_distributed_c2
0.01859593391418457,189,4,0.0061986446380615234,5.247090246029984e-05,47.25,215.10078592766388,10163.51213508212,0.008464899268158216,1.0986468580825692,25.6875,1,6_distributed_c2
0.02060723304748535,471,7,0.0034345388412475586,4.4099548323591385e-05,67.28571428571429,339.6865549037983,22856.05247995557,0.012840020265303714,0.450582929936251,2735.6326530612237,1,6_distributed_c2
0.02049112319946289,804,6,0.004098224639892578,5.1644831123667246e-05,134.0,292.80971772973726,39236.50217578479,0.012601757019600797,0.50042806911777,19116.333333333332,1,6_distributed_c2
0.013905048370361328,471,7,0.002317508061726888,1.9360455812349956e-05,67.28571428571429,503.4142862041768,33872.58982888104,0.008353997180024279,0.450582929936251,2735.6326530612237,1,6_distributed_c2
0.013866901397705078,804,6,0.0027733802795410155,2.2474645097645406e-05,134.0,432.6849833224442,57979.787765207526,0.008103701199377129,0.50042806911777,19116.333333333332,1,6_distributed_c2
0.0015649795532226562,471,7,0.0002608299255371094,7.579476838751968e-08,67.28571428571429,4472.901889092017,300962.39853747713,0.00029059076803185314,1.560723024837429,2735.6326530612237,1,6_distributed_c2
0.0014998912811279297,804,6,0.00029997825622558595,7.523111435148168e-08,134.0,4000.289938006676,536038.8516928946,0.00025078855813771817,1.332197234676361,19116.333333333332,1,6_distributed_c2
0.0016040802001953125,471,7,0.00026734670003255207,9.971390429402366e-08,67.28571428571429,4363.871581450654,293626.2164090369,0.0003729760056207259,1.2424688727879487,2735.6326530612237,1,6_distributed_c2
0.0015649795532226562,804,6,0.00031299591064453124,1.0345330338168425e-07,134.0,3833.9159049360146,513744.73126142594,0.00033052605437767504,1.332197234676361,19116.333333333332,1,6_distributed_c2
0.0037140846252441406,471,7,0.0006190141042073568,9.341153044159806e-07,67.28571428571429,1884.717422005392,126814.55796636282,0.0015090371900525735,0.450582929936251,2735.6326530612237,1,6_distributed_c2
0.003564119338989258,804,6,0.0007128238677978516,9.933154251484665e-07,134.0,1683.4453140678306,225581.67208508932,0.0013934934982145672,0.9502923795183904,19116.333333333332,1,6_distributed_c2
0.3244469165802002,471,7,0.054074486096700035,0.013029175058030598,67.28571428571429,21.575178071601943,1451.7012673892164,0.24094866171692975,0.450582929936251,2735.6326530612237,1,6_distributed_c2
0.324113130569458,848,7,0.05401885509490967,0.01303157402546636,121.14285714285714,21.59739714247673,2616.3703966886096,0.24124121110249813,0.450582929936251,17377.265306122452,1,6_distributed_c2
3.0411949157714844,808,4,1.0137316385904949,8.078349247221517e-06,202.0,1.3152724868952663,265.68504235284377,7.96892287830116e-06,1.0986468580825692,0.0,1,6_distributed_c2
33.495208978652954,168,2,33.495208978652954,0.0,84.0,0.05971003200113284,5.015642688095158,0.0,0.00013333831113808507,0.0,1,6_distributed_c2
0.028164148330688477,471,7,0.004694024721781413,8.524626486740138e-05,67.28571428571429,248.5429318795554,16723.388702181514,0.018160591373078638,0.450582929936251,2735.6326530612237,1,6_distributed_c2
0.02810502052307129,804,6,0.005621004104614258,9.815414344757302e-05,134.0,213.4849890991763,28606.98853928962,0.01746203020328676,0.50042806911777,19116.333333333332,1,6_distributed_c2
0.023138999938964844,471,7,0.003856499989827474,6.313001947293944e-05,67.28571428571429,302.5195565263982,20355.24444627622,0.016369770423819877,0.450582929936251,2735.6326530612237,1,6_distributed_c2
0.023104190826416016,804,6,0.004620838165283203,7.29072028752853e-05,134.0,259.6931459352362,34798.881555321655,0.015777917396684448,0.50042806911777,19116.333333333332,1,6_distributed_c2
0.636868953704834,7050,17,0.039804309606552124,0.004299746614747413,414.70588235294116,26.693089529810702,11069.781246186203,0.10802213773454417,1.0373978457721853,291864.678200692,1,7_spike
9.362458944320679,11108,21,0.4681229472160339,3.534780589078663,528.952380952381,2.243000490030316,1186.440449678893,7.550966279479135,0.19852242093317188,324506.71201814065,1,7_spike
0.5203149318695068,10402,19,0.028906385103861492,0.0034903817363129983,547.4736842105264,36.51634584410723,19991.738393179123,0.12074777678952087,0.6546763605207417,361958.459833795,1,7_spike
0.04225897789001465,121,2,0.04225897789001465,0.0,60.5,47.32722133519891,2863.2968907795334,0.0,0.00013333831113808507,30.25,1,7_spike
42.03721284866333,10238,101,0.4203721284866333,0.03734311827232148,101.36633663366337,2.4026331232664377,243.54611798021574,0.08883347810607499,1.698394156293989,157.69748063915304,1,7_spike
1.8740730285644531,386,5,0.4685182571411133,0.5839422203749791,77.2,2.667985678140845,205.96849435247324,1.2463595846577675,0.5623665608093112,272.56000000000006,1,7_spike
0.006406068801879883,222,2,0.006406068801879883,0.0,111.0,312.2039525103279,34654.638728646394,0.0,0.00013333831113808507,1681.0,1,7_spike
0.011265039443969727,172,2,0.011265039443969727,0.0,86.0,177.5404347181951,15268.477385764778,0.0,0.00013333831113808507,256.0,1,7_spike
0.1918017864227295,9246,20,0.010094830864354185,0.0003579828173146238,462.3,104.27431554740669,48206.01607756611,0.03546199259055399,0.9998744241146997,229751.01,1,7_spike
30.117307901382446,12528,76,0.40156410535176595,1.2601509435099103,164.8421052631579,2.5234659169690077,415.97343431299646,3.138106535707496,0.531197068864928,98395.08033240995,1,7_spike
166.43721890449524,724,12,15.130656264045022,412.84310779143283,60.333333333333336,0.07209925808052478,4.349988570858328,27.28520829413539,0.859977830420023,56.22222222222221,1,7_spike
0.011941909790039062,238,2,0.011941909790039062,0.0,119.0,167.47739977639355,19929.81057339083,0.0,0.00013333831113808507,2304.0,1,7_spike
39.139256954193115,7005,23,1.7790571342815051,17.370138516927657,304.5652173913044,0.5876452899174401,178.97631547268125,9.763676602743177,0.726197143972107,222783.81096408307,1,7_spike
377.6907138824463,14895,165,2.3029921578197943,13.460321885074583,90.27272727272727,0.43686538730034846,39.43702996265873,5.844710256337674,1.3242351338313372,2491.8104683195593,1,7_spike
34.97549390792847,7005,23,1.589795177633112,13.272474690963309,304.5652173913044,0.657603293910489,200.28309016708587,8.348543810985372,0.8387320835501746,222783.81096408307,1,7_spike
0.006784200668334961,307,2,0.006784200668334961,0.0,153.5,294.80260059743455,45252.199191706204,0.0,0.00013333831113808507,3782.25,1,7_spike
1.3360891342163086,12448,23,0.06073132428255948,0.012436278071677952,541.2173913043479,17.214420363871003,9316.743682150705,0.20477534811881817,0.6889226819365313,371647.9962192817,1,7_spike
344.80774116516113,1542,22,16.419416245960054,425.3276942683229,70.0909090909091,0.06380367194094437,4.472057369678919,25.90394736919916,0.9099307581313113,506.26446280991735,1,7_spike
5.019286155700684,283,5,1.254821538925171,4.461105467989142,56.6,0.9961575899236629,56.38251958967932,3.555171257109871,0.5623665608093112,22.24,1,7_spike
3.825165033340454,6874,20,0.20132447543897128,0.1768178925725727,343.7,5.228532579817694,1797.0466476833415,0.8782732064098813,0.9514934722479582,244523.71000000002,1,7_spike
4.430393218994141,6791,19,0.2461329566107856,0.3249784233400623,357.42105263157896,4.288558387671442,1532.8210531935138,1.3203368935837243,0.8548121507903337,261254.3490304709,1,7_spike
371.3839199542999,8310,87,4.318417673887208,39.7071497755904,95.51724137931035,0.23425893078705629,22.37576683724641,9.194837733203364,0.6222292136876613,1000.6864843440349,1,7_spike
360.15438079833984,69008,190,1.9055787343827506,33.89901388263429,363.2,0.5275515449203605,191.60672111507492,17.789353581139096,0.3144930465966967,834.56,1,7_spike
360.0861530303955,7463,91,4.000957255893283,53.579992473195496,82.01098901098901,0.25271729899682793,20.72559563091568,13.391793275040333,0.9282328565716944,1119.7471319888903,1,7_spike
4.40487813949585,6845,20,0.23183569155241313,0.17086960734605,342.25,4.540420725983819,1553.958993467962,0.7370289113029864,1.0596900905349211,252564.6875,1,7_spike
18.9534809589386,433,8,2.707640136991228,5.121397867604424,54.125,0.42208605465832083,22.845407708381614,1.8914617927386026,1.549836996163216,0.109375,1,7_spike
3.8363280296325684,6791,19,0.21312933497958714,0.1989482351325576,357.42105263157896,4.952652602499104,1770.1823065037588,0.9334624684659775,0.9779310049620951,261254.3490304709,1,7_spike
24.611423015594482,378,7,4.101903835932414,17.695459556351988,54.0,0.28442077467705157,15.358721832560786,4.313962555957772,1.2424688727879487,0.0,1,7_spike
38.28591704368591,7059,24,1.6646050888559092,15.315364622728408,294.125,0.6268623518306992,184.3758892322044,9.20059942460871,0.8131945513108904,216008.109375,1,7_spike
3.688563108444214,6874,20,0.1941349004444323,0.16616095381284102,343.7,5.422165599990434,1863.5983167167121,0.8559045974343066,0.9514934722479582,244523.70999999996,1,7_spike
3.679670810699463,6791,19,0.20442615614997017,0.16765949118015205,357.42105263157896,5.163505372478773,1845.5455255001764,0.8201469632738898,0.9779310049620951,261254.3490304709,1,7_spike
3.8041329383850098,6874,20,0.20021752307289525,0.18756026764899056,343.7,5.257439822408181,1806.982066961692,0.9367824792273729,0.9514934722479582,244523.71000000002,1,7_spike
3.721342086791992,6874,20,0.19586010983115748,0.1573376794533503,343.7,5.374405129532484,1847.1830430203147,0.8033166099466824,0.9514934722479582,244523.71000000002,1,7_spike
360.22857093811035,3887,52,7.063305312511968,158.79446697390557,74.75,0.14435279207471288,10.790371207584787,22.481608814589453,0.5455974413789687,431.6875,1,7_spike
32.35324215888977,6922,22,1.540630578994751,11.56921803130229,314.6363636363636,0.6799936739556414,213.95073686913406,7.509404388721864,0.8660642700778407,237163.86776859508,1,7_spike
3.5709869861602783,6791,19,0.19838816589779323,0.15861067651424665,357.42105263157896,5.320657866756845,1901.7151354287228,0.7994966624973014,0.9779310049620951,261254.3490304709,1,7_spike
3.6514360904693604,6874,20,0.19218084686680845,0.17183740149497573,343.7,5.477297015331076,1882.546984169291,0.8941442620141443,0.9514934722479582,244523.71000000002,1,7_spike
0.029078960418701172,367,2,0.029078960418701172,0.0,183.5,68.77824967613925,12620.808815571552,0.0,0.00013333831113808507,8372.25,1,7_spike
0.028744935989379883,307,2,0.028744935989379883,0.0,153.5,69.5774727325509,10680.142064446563,0.0,0.00013333831113808507,3782.25,1,7_spike
30.962629079818726,18547,41,0.7740657269954682,5.0804317425889005,452.3658536585366,1.3241769584328864,599.0124401964572,6.56330795358757,0.543295073405223,336687.98810231994,1,7_spike
3.7759270668029785,6874,20,0.19873300351594625,0.1800430287473127,343.7,5.296712475152149,1820.4800777097937,0.9059543486085648,0.9514934722479582,244523.71000000002,1,7_spike
36.93644905090332,10546,26,1.4774579620361328,11.493187604654825,405.61538461538464,0.7039117367283616,285.51742982835776,7.779028507055246,0.822293215310429,316020.5443786982,1,7_spike
3.5973150730133057,6928,21,0.1798657536506653,0.132145559092625,329.9047619047619,5.837687156607404,1925.880791475052,0.734689936302592,0.823725781403027,236685.89569160988,1,7_spike
34.42951703071594,7005,23,1.5649780468507246,12.71423074423793,304.5652173913044,0.6680314446316742,203.45914215847293,8.124223064868767,0.8387320835501746,222783.81096408307,1,7_spike
30.034953832626343,12614,79,0.3850635106746967,1.1771962027903211,159.67088607594937,2.6302687342300475,419.97733941237743,3.0571481590859477,0.5333539083706458,95035.10687389843,1,7_spike
31.26325488090515,15898,54,0.589872733601984,13.405940533138295,294.4074074074074,1.727267368855503,508.52030796416267,22.72683541630514,0.18683965586023815,126489.38957475995,1,7_spike
32.97488808631897,105791,141,0.23553491490227835,5.47409337341451,750.2907801418439,4.275981153625199,3208.229235625272,23.241112153948258,0.042415893157229344,315802.121120668,1,7_spike
3.6886048316955566,6791,19,0.20492249064975315,0.15505120607820977,357.42105263157896,5.150999054367716,1841.0755041163768,0.7566334255775675,0.9779310049620951,261254.3490304709,1,7_spike
1.8235230445861816,163,3,0.9117615222930908,0.8312364699033878,54.333333333333336,1.6451670347170195,89.3874088862914,0.9116818922263998,0.6932064423178683,0.22222222222222224,1,7_spike
3.6201071739196777,6791,19,0.20111706521775988,0.17683303172743192,357.42105263157896,5.248463398233516,1875.911312494937,0.8792542370085086,0.9779310049620951,261254.3490304709,1,7_spike
39.08272695541382,433,8,5.58324670791626,42.59415306218984,54.125,0.20469400738404267,11.07906314966131,7.628921896250315,1.1537555753182673,0.109375,1,7_spike
1.1390390396118164,24091,31,0.03796796798706055,0.008141293518180345,777.1290322580645,27.215924056970668,21150.284724402594,0.21442531559642303,0.5339658719799973,400820.4994797087,1,7_spike
157.59435200691223,7571,26,6.303774080276489,150.85247543358275,291.1923076923077,0.16498053178238023,48.04106177401541,23.930501555500896,1.0704872513562882,206237.53994082843,1,7_spike
3.8558201789855957,6874,20,0.2029379041571366,0.18955605206781362,343.7,5.186963880992416,1782.7594858970936,0.9340593757243038,0.9514934722479582,244523.71000000002,1,7_spike
0.005892038345336914,307,2,0.005892038345336914,0.0,153.5,339.4411038724558,52104.20944442196,0.0,0.00013333831113808507,3782.25,1,7_spike
1.2042250633239746,10879,21,0.06021125316619873,0.010716756822359343,518.047619047619,17.438600673228418,9034.02555828819,0.1779859454640199,0.7305941543784962,351145.3786848073,1,7_spike
3.8531389236450195,6874,20,0.20279678545500102,0.17929160663637678,343.7,5.190573295260338,1784.0000415809782,0.8840949141975436,0.9514934722479582,244523.70999999996,1,7_spike
0.005997180938720703,316,2,0.005997180938720703,0.0,158.0,333.4900214677586,52691.42339190586,0.0,0.00013333831113808507,3600.0,1,7_spike
1.2228829860687256,12844,26,0.048915319442749024,0.010016024476110578,494.0,21.261232919417534,10503.049062192262,0.2047625281857442,0.7592994692463,354184.23076923075,1,7_spike
59.83136296272278,21474,194,0.3100070619830196,0.06047358095222959,110.69072164948453,3.2424466098301887,358.9087551520282,0.19507162374108106,1.8307563939380715,1082.337336592624,1,7_spike
3.7950551509857178,6874,20,0.199739744788722,0.17865143903184147,343.7,5.270015639905853,1811.3043754356415,0.8944210839000168,0.9514934722479582,244523.71000000002,1,7_spike
3.874588966369629,6845,20,0.20392573507208572,0.18058351614074444,342.25,5.161837855213681,1766.6390059468824,0.8855356881607412,0.9514934722479582,252564.6875,1,7_spike
3.9806249141693115,6874,20,0.20950657442996376,0.19436688305429492,343.7,5.024336738889566,1726.864537156344,0.9277364377854886,0.9514934722479582,244523.71000000002,1,7_spike
0.019855976104736328,238,2,0.019855976104736328,0.0,119.0,100.72534281117169,11986.31579452943,0.0,0.00013333831113808507,2304.0,1,7_spike
38.83944392204285,7005,23,1.7654292691837659,16.414486046809103,304.5652173913044,0.592181495856758,180.35788602072128,9.29773077479237,0.8387320835501746,222783.81096408307,1,7_spike
0.006125926971435547,238,2,0.006125926971435547,0.0,119.0,326.48120183700473,38851.26301860357,0.0,0.00013333831113808507,2304.0,1,7_spike
3.6917338371276855,6791,19,0.20509632428487143,0.16398397628348804,357.42105263157896,5.146633218494091,1839.515062462809,0.7995461491339074,0.9779310049620951,261254.3490304709,1,7_spike
3.651185989379883,6791,19,0.20284366607666016,0.16287979741638184,357.42105263157896,5.203788592327218,1859.9435963417966,0.8029819247835184,0.9779310049620951,261254.3490304709,1,7_spike
3.681425094604492,6874,20,0.1937592155054996,0.17085253792681113,343.7,5.432678782277021,1867.211697468612,0.8817776098085085,0.9514934722479582,244523.70999999996,1,7_spike
3.7780349254608154,6874,20,0.19884394344530607,0.18125086123254297,343.7,5.293757308916501,1819.4643870746015,0.9115231678273257,0.9514934722479582,244523.71000000002,1,7_spike
57.189653158187866,7005,23,2.5995296890085395,32.54138723656681,304.5652173913044,0.4021706502814676,122.4871915313774,12.51818256746977,0.726197143972107,222783.81096408307,1,7_spike
0.0057680606842041016,612,2,0.0057680606842041016,0.0,306.0,346.73699003844087,106101.5189517629,0.0,0.00013333831113808507,47524.0,1,7_spike
0.16700482368469238,162,3,0.08350241184234619,0.006959638685444247,54.0,17.96355299092465,970.0318615099312,0.08334655888244462,0.6932064423178683,0.0,1,7_spike
30.074004888534546,16351,79,0.3855641652376224,1.2318152803578446,206.9746835443038,2.6268533337280284,543.6921374656582,3.1948386064319005,0.5155810870754208,141246.70821983658,1,7_spike
0.8494701385498047,10191,23,0.03861227902499112,0.0030780996239914275,443.0869565217391,27.075701612378108,11996.89022311936,0.07971815447617535,1.312854102617177,269243.03591682424,1,7_spike
86.46831107139587,24003,39,2.2754818702998914,69.12807006528742,615.4615384615385,0.45103228589486566,277.5930245726785,30.379530141532992,0.32644552967996837,335663.58185404347,1,7_spike
124.59370517730713,7570,26,4.983748207092285,110.0677124516353,291.15384615384613,0.20867827923569537,60.757483608239,22.08532772482363,0.9811047558938002,196935.74556213015,1,7_spike
35.22183418273926,7005,23,1.6009924628517844,13.385920686427022,304.5652173913044,0.6530040395020466,198.8823172483407,8.361014181530381,0.8387320835501746,222783.81096408307,1,7_spike
36.77947115898132,6922,22,1.75140338852292,14.9641393919948,314.6363636363636,0.5981597697504613,188.2028148278497,8.544084983537171,0.8660642700778407,237163.86776859508,1,7_spike
4.452436923980713,6845,20,0.2343387854726691,0.23778527730840518,342.25,4.491922140947243,1537.3603527391938,1.01470730433626,0.9514934722479582,252564.6875,1,7_spike
3.710178852081299,6928,21,0.18550894260406495,0.11482435300162534,329.9047619047619,5.660104495560809,1867.295425964061,0.618969368213677,1.1024332513826312,236685.89569160988,1,7_spike
3.013772964477539,6791,19,0.16743183135986328,0.11521583161777471,357.42105263157896,6.304389953705022,2253.3216934532,0.6881357665505069,0.8277448317317296,261254.3490304709,1,7_spike
36.559606075286865,6922,22,1.740933622632708,15.526792607012297,314.6363636363636,0.6017570308251025,189.3346439714254,8.918658589367741,0.7509732630032262,237163.86776859502,1,7_spike
3.203181028366089,6928,21,0.16015905141830444,0.10965112722492379,329.9047619047619,6.555982885148359,2162.8499727765634,0.6846389651655482,0.9261609838149838,236685.89569160988,1,7_spike
3.0103070735931396,6874,20,0.15843721439963893,0.10853900380548746,343.7,6.6438404824022665,2283.487973801659,0.6850600360323857,0.8092118302904903,244523.71000000002,1,7_spike
3.0288949012756348,6874,20,0.15941552111977025,0.11095866411208773,343.7,6.603068330821547,2269.4745853033655,0.6960342589773522,0.8092118302904903,244523.71000000002,1,7_spike
30.057744026184082,16164,75,0.4061857300835687,1.2728624274087528,215.52,2.4951972421704554,537.7649096325765,3.133695580952275,0.5553690385858905,147574.54293333337,1,7_spike
3.0470008850097656,6791,19,0.16927782694498697,0.1140653967588542,357.42105263157896,6.235639803543774,2228.7489424139876,0.6738354267503914,0.8277448317317296,261254.3490304709,1,7_spike
3.2595138549804688,6791,19,0.18108410305447048,0.1379539896872918,357.42105263157896,5.8290901175242436,2083.4395256898492,0.7618227517508533,0.8277448317317296,261254.3490304709,1,7_spike
3.612946033477783,6874,20,0.19015505439356753,0.17502542814497637,343.7,5.5356486962934826,1902.60245691607,0.9204353189724997,0.8092118302904903,244523.70999999996,1,7_spike
38.805553913116455,7059,24,1.6871979962224546,16.005321543799106,294.125,0.6184681722037703,181.90695114943395,9.486332712363433,0.7031357312568207,216008.109375,1,7_spike
0.0517120361328125,121,2,0.0517120361328125,0.0,60.5,38.675715550309825,2339.8807907937444,0.0,0.00013333831113808507,30.25,1,7_spike
3.483609199523926,6845,20,0.18334785260652242,0.1404474244584687,342.25,5.741172116187207,1964.9161567650717,0.7660161952367062,0.8092118302904903,252564.6875,1,7_spike
59.89801001548767,14846,147,0.41026034257183336,0.04248027415221852,100.99319727891157,2.4541716821976323,247.85464485650374,0.10354467576836422,1.6800355437173329,177.10879726040076,1,7_spike
18.941415071487427,378,7,3.1569025119145713,10.570016932118039,54.0,0.36956056205838195,19.956270351152625,3.348224055771562,1.2424688727879487,0.0,1,7_spike
1.6488358974456787,18766,31,0.054961196581522626,0.058265710502759714,605.3548387096774,18.80114330845426,11381.36307504686,1.0601244901270588,0.14614966958412734,370749.5837669095,1,7_spike
37.56838917732239,6922,22,1.788970913205828,15.803256715092019,314.6363636363636,0.5855987036377908,184.25064666276307,8.833713616267048,0.8660642700778407,237163.86776859502,1,7_spike
3.8804900646209717,6928,21,0.19402450323104858,0.142627572605425,329.9047619047619,5.411687609114181,1785.341512187764,0.7351008260826778,0.9672656879659973,236685.89569160988,1,7_spike
3.574954032897949,6874,20,0.18815547541568153,0.1593959929689261,343.7,5.594477527809634,1922.8219263081712,0.8471504356531815,0.9514934722479582,244523.71000000002,1,7_spike
0.006562948226928711,238,2,0.006562948226928711,0.0,119.0,304.74109056562645,36264.18977730955,0.0,0.00013333831113808507,2304.0,1,7_spike
38.4607720375061,6976,23,1.748216910795732,16.416693289111922,303.30434782608694,0.5980119165983174,181.379614356081,9.390535686809924,0.726197143972107,229677.51606805288,1,7_spike
3.3574349880218506,6874,20,0.17670710463272898,0.13952922000953574,343.7,5.956928450246387,2047.3963083496833,0.7896073012997163,0.9514934722479582,244523.71000000002,1,7_spike
3.396120071411133,6874,20,0.17874316165321752,0.14127957659510434,343.7,5.889073289358033,2024.0744895523562,0.7904054918151393,0.9514934722479582,244523.71000000002,1,7_spike
37.27645397186279,6922,22,1.775069236755371,15.994738603787406,314.6363636363636,0.5901848930321042,185.69362861673753,9.010768860500342,0.7509732630032262,237163.86776859508,1,7_spike
3.380460023880005,6874,20,0.17791894862526342,0.13766999693566181,343.7,5.916354537168736,2033.4510544248944,0.7737792854521933,0.9514934722479582,244523.71000000002,1,7_spike
3.471648931503296,6874,20,0.18271836481596293,0.15347446747618126,343.7,5.760951177554577,1980.0389197255079,0.8399509684248947,0.9514934722479582,244523.71000000002,1,7_spike
39.87203812599182,7005,23,1.8123653693632646,17.829530155903615,304.5652173913044,0.5768453553169819,175.68703104328077,9.837712890181539,0.726197143972107,222783.81096408307,1,7_spike
3.4389710426330566,6874,20,0.18099847592805562,0.14592772171218646,343.7,5.815693052386667,1998.8537021052975,0.8062372954465689,0.9514934722479582,244523.70999999996,1,7_spike
3.780174970626831,6874,20,0.19895657740141215,0.20309169210815511,343.7,5.2907603895074695,1818.4343458737173,1.0207840060416802,0.8092118302904903,244523.70999999996,1,7_spike
3.6947340965270996,6928,21,0.18473670482635499,0.12738938330908184,329.9047619047619,5.683764907395948,1875.1011084971012,0.6895726727875908,1.0331192741018316,236685.89569160988,1,7_spike
0.005960941314697266,222,2,0.005960941314697266,0.0,111.0,335.51747860171184,37242.44012479002,0.0,0.00013333831113808507,1681.0,1,7_spike
0.005793094635009766,172,2,0.005793094635009766,0.0,86.0,345.2386204625895,29690.5213597827,0.0,0.00013333831113808507,256.0,1,7_spike
31.209541082382202,17944,64,0.49538954099019367,9.630343609838533,280.375,2.050654952953731,574.9523824344022,19.439941324940424,0.16276700713446962,113576.890625,1,7_spike
30.045601844787598,12302,75,0.4060216465511838,1.2973159025720506,164.02666666666667,2.496205613967797,409.44428617375786,3.195189009235518,0.5553690385858905,99728.98595555554,1,7_spike
3.771649122238159,6791,19,0.2095360623465644,0.21445806158424321,357.42105263157896,5.037584193071779,1800.5386450079184,1.023489986318145,0.8277448317317296,261254.3490304709,1,7_spike
3.8563640117645264,6845,20,0.20296652693497508,0.1386850232662545,342.25,5.186232404147127,1774.9880403193542,0.6832901235516801,1.090872675727508,252564.6875,1,7_spike
23.423178911209106,6791,19,1.3012877172893949,24.32923586127491,357.42105263157896,0.8111623137074531,289.9264880203849,18.696277186073143,0.21456706900530836,261254.3490304709,1,7_spike
0.005945920944213867,304,2,0.005945920944213867,0.0,152.0,336.365050723766,51127.48771001243,0.0,0.00013333831113808507,3844.0,1,7_spike
0.15488409996032715,162,3,0.07744204998016357,0.005985976690126904,54.0,19.369321968933132,1045.9433863223892,0.07729620653973113,0.6932064423178683,0.0,1,7_spike
0.16015315055847168,162,3,0.08007657527923584,0.0064047379676281935,54.0,18.73206983152482,1011.5317709023403,0.07998266590815312,0.6932064423178683,0.0,1,7_spike
30.05420184135437,12410,76,0.40072269121805826,1.0967189979398537,163.28947368421052,2.5287645435129984,412.92063138153037,2.736852746237573,0.5887834587653246,98556.33725761776,1,7_spike
90.26390790939331,618254,1203,0.07509476531563504,0.4595256484203699,513.9268495428097,13.327586051421221,6849.404311417603,6.119276709753493,0.035765745594873624,296071.3678825933,1,7_spike
3.4328978061676025,6874,20,0.18067883190355802,0.1505812231637054,343.7,5.8259817592203476,2002.3899306440335,0.8334192864611943,0.9514934722479582,244523.70999999996,1,7_spike
3.68721604347229,6874,20,0.19406400228801526,0.18577536290574528,343.7,5.42414650082879,1864.2791523348553,0.9572891454131272,0.9514934722479582,244523.71000000002,1,7_spike
3.946359157562256,6874,20,0.2077031135559082,0.19627741626608872,343.7,5.067962443731147,1741.8586919103952,0.9449902454796664,0.9514934722479582,244523.70999999996,1,7_spike
135.40741205215454,17009,65,2.1157408133149147,78.82483302632646,261.67692307692306,0.4800328062910183,125.61350772621432,37.25637494453999,0.21904774315989692,164958.46485207105,1,7_spike
98.2183768749237,161891,198,0.49857044098946046,13.046700061649851,817.6313131313132,2.015916026103173,1648.276067585196,26.16821814738442,0.12737080444634977,311961.4448780737,1,7_spike
201.8828649520874,88790,119,1.7108717368820967,47.43564303358235,746.1344537815127,0.5894507194963877,439.8094906225569,27.726007748558267,0.30528951017331385,328503.5449473908,1,7_spike
136.48440098762512,18985,52,2.6761647252475513,106.55802456378292,365.09615384615387,0.38099592058666676,139.1001452372667,39.81743857487176,0.22372102969951982,273304.9715236686,1,7_spike
4.02744197845459,6928,21,0.2013720989227295,0.19814633952339933,329.9047619047619,5.2142278181393245,1720.19858686044,0.9839811005765602,0.9261609838149838,236685.89569160988,1,7_spike
3.9263100624084473,6928,21,0.19631550312042237,0.17105648665400336,329.9047619047619,5.3485332707316395,1764.506595220419,0.8713345809937139,0.9261609838149838,236685.89569160988,1,7_spike
3.8077001571655273,6874,20,0.2004052714297646,0.18438598687109797,343.7,5.252514424583292,1805.2892077292775,0.9200655529448941,0.9514934722479582,244523.70999999996,1,7_spike
3.9082229137420654,6874,20,0.20569594282852977,0.19699931899626702,343.7,5.1174153679095795,1758.8556619505225,0.9577209753742574,0.9514934722479582,244523.71000000002,1,7_spike
59.97748112678528,15050,149,0.4052532508566573,0.039951373669386475,101.00671140939598,2.4842657144109084,250.92751007975954,0.09858372162329114,1.816389571891671,174.7449213999369,1,7_spike
35.307250022888184,7005,23,1.604875001040372,13.213025888990048,304.5652173913044,0.6514242821259113,198.40117809965255,8.233056082513968,0.8387320835501746,222783.81096408307,1,7_spike
3.7391490936279297,6874,20,0.19679732071725944,0.16420804389366642,343.7,5.348810517901786,1838.3861750028439,0.834401826687395,0.9514934722479582,244523.70999999996,1,7_spike
3.640671968460083,6791,19,0.20225955380333793,0.16338474152971727,357.42105263157896,5.2188167911311565,1865.314990977457,0.8077973992199171,0.9779310049620951,261254.3490304709,1,7_spike
0.030250072479248047,238,2,0.030250072479248047,0.0,119.0,66.11554406595312,7867.7497438484215,0.0,0.00013333831113808507,2304.0,1,7_spike
3.7081308364868164,6874,20,0.19516478086772718,0.180830360189776,343.7,5.393552946731659,1853.7641477916711,0.9265522159571079,0.9514934722479582,244523.71000000002,1,7_spike
3.87480092048645,6874,20,0.20393689055191844,0.19672087630863816,343.7,5.161555499343992,1774.02662512453,0.9646164348992895,0.9514934722479582,244523.71000000002,1,7_spike
3.9530091285705566,6874,20,0.2080531120300293,0.19644692302512412,343.7,5.0594368364720115,1738.9284406954303,0.94421525882665,0.9514934722479582,244523.70999999996,1,7_spike
4.043292999267578,6791,19,0.22462738884819877,0.2120949416578508,357.42105263157896,4.699140033492935,1679.5715772342382,0.9442078401275578,0.9779310049620951,261254.3490304709,1,7_spike
43.13359808921814,7005,23,1.960618094964461,20.874216931863543,304.5652173913044,0.5332270206725271,162.40240347004578,10.646753177212679,0.726197143972107,222783.81096408307,1,7_spike
30.02527904510498,13381,73,0.41701776451534694,1.292941300542132,183.3013698630137,2.4312846481905117,445.6578065402361,3.1004465770055933,0.5478869014066888,119359.93657346598,1,7_spike
1.186283826828003,24013,33,0.03707136958837509,0.008290048391571714,727.6666666666666,27.81796333533308,20242.20465367737,0.22362401183503408,0.5115907697153042,410013.0707070707,1,7_spike
0.005758047103881836,156,2,0.005758047103881836,0.0,78.0,347.339985921908,27092.518901908825,0.0,0.00013333831113808507,64.0,1,7_spike
1.753188133239746,8240,34,0.05312691312847716,0.006303646560613018,242.35294117647058,19.393241007838004,4700.00899719368,0.11865260353766215,1.3648329028807746,125196.6401384083,1,7_spike
73.81132292747498,7191,19,4.100629051526387,116.68726583918485,378.4736842105263,0.25741308035718163,97.4240768867628,28.455942825589176,0.6336692987575998,241170.459833795,1,7_spike
3.4304819107055664,6874,20,0.1805516795108193,0.1591526576603979,343.7,5.830084670490651,2003.8001012476366,0.8814797962090456,0.8092118302904903,244523.71000000002,1,7_spike
3.779895067214966,6791,19,0.20999417040083143,0.1854020272331881,357.42105263157896,5.0265945647002415,1796.6107204673335,0.8828913054076574,0.9779310049620951,261254.3490304709,1,7_spike
38.67648720741272,6922,22,1.8417374860672724,16.55110996790195,314.6363636363636,0.5688210483547609,178.97178621416612,8.986682463223424,0.8660642700778407,237163.86776859502,1,7_spike
0.006185054779052734,222,2,0.006185054779052734,0.0,111.0,323.3601110168838,35892.972322874106,0.0,0.00013333831113808507,1600.0,1,7_spike
0.005339145660400391,271,2,0.005339145660400391,0.0,135.5,374.5917656515138,50757.18424578012,0.0,0.00013333831113808507,4160.25,1,7_spike
123.68992900848389,132815,201,0.6184496450424194,5.526825573061803,660.7711442786069,1.625031250411773,1073.7737588230827,8.936581364975508,0.32301924622935535,281789.0620529195,1,7_spike
42.522934913635254,6976,23,1.9328606778925115,19.463843918841885,303.30434782608694,0.5408845849119625,164.0526462759065,10.06996735018906,0.8387320835501746,229677.51606805288,1,7_spike
37.24069404602051,7005,23,1.6927588202736594,14.684870740628831,304.5652173913044,0.617603956885915,188.10068339068846,8.675111046389235,0.8387320835501746,222783.81096408307,1,7_spike
35.00438594818115,6922,22,1.6668755213419597,13.449372089205664,314.6363636363636,0.6284926703918694,197.74664838420543,8.068612153100617,0.8660642700778407,237163.86776859508,1,7_spike
4.225356817245483,6874,20,0.222387200907657,0.271014699588934,343.7,4.733328063175983,1626.8448553135854,1.2186614089426344,0.9514934722479582,244523.71000000002,1,7_spike
4.433058977127075,6845,20,0.23331889353300395,0.20417658502555439,342.25,4.511557392579822,1544.080517610444,0.8750966624855554,0.9903705280056097,252564.6875,1,7_spike
4.075850009918213,6791,19,0.22643611166212294,0.19974481733665475,357.42105263157896,4.661604316588004,1666.1555217867965,0.8821243920435463,0.9779310049620951,261254.3490304709,1,7_spike
3.9555718898773193,6874,20,0.20818799420406944,0.19389952427068027,343.7,5.056158896057958,1737.8018125751203,0.9313674643534758,0.9514934722479582,244523.71000000002,1,7_spike
4.084197998046875,6791,19,0.22689988878038195,0.22558223398859997,357.42105263157896,4.652076125860226,1662.7499458272,0.9941927922536034,0.9779310049620951,261254.3490304709,1,7_spike
4.078387022018433,6845,20,0.21465194852728592,0.1831090934659113,342.25,4.903899480854519,1678.3595973224592,0.8530511589678629,0.9514934722479582,252564.6875,1,7_spike
36.36247706413269,6922,22,1.7315465268634616,14.678213035314513,314.6363636363636,0.6050192884604226,190.36106885104755,8.476938278928465,0.8660642700778407,237163.86776859502,1,7_spike
36.30690407752991,7005,23,1.6503138217059048,14.093473118797432,304.5652173913044,0.6334883291311677,192.93851067668825,8.539874618652359,0.8387320835501746,222783.81096408307,1,7_spike
55.766196966171265,7005,23,2.5348271348259668,31.58829833090134,304.5652173913044,0.4124362293156228,125.6137298415625,12.461716973481149,0.726197143972107,222783.81096408307,1,7_spike
47.96059012413025,16012,56,0.8720107295296409,16.80286534925123,285.92857142857144,1.1676253326963322,333.85744334167265,19.269103900034153,0.27161407491930545,123567.85204081633,1,7_spike
30.019322872161865,13088,70,0.43506265032118646,1.364275119246526,186.97142857142856,2.3318314106582942,435.9858500385108,3.1358130104695157,0.5657689655514557,123911.28489795918,1,7_spike
60.00569796562195,14916,148,0.40820202697702007,0.038193016865336896,100.78378378378379,2.4664324392125416,248.57639367090727,0.0935640059119231,1.9466076107738064,182.35865595325058,1,7_spike
0.006132841110229492,349,2,0.006132841110229492,0.0,174.5,326.11312832873307,56906.740893363916,0.0,0.00013333831113808507,6806.25,1,7_spike
0.016231060028076172,278,2,0.016231060028076172,0.0,139.0,123.2205411439819,17127.655219013486,0.0,0.00013333831113808507,2209.0,1,7_spike
1.7302591800689697,12427,29,0.06179497071674892,0.01303034144484359,428.51724137931035,16.760494805664912,7182.160998275789,0.21086410906432945,0.6648687079641677,303493.56004756247,1,7_spike
1.4667179584503174,9289,21,0.07333589792251587,0.01647727467636443,442.3333333333333,14.317681104953444,6333.18760875774,0.22468225170943892,0.8260705113822382,334219.0793650794,1,7_spike
3.9224319458007812,6928,21,0.19612159729003906,0.1701431363164852,329.9047619047619,5.353821376679809,1766.251166554177,0.8675390098157574,0.9261609838149838,236685.89569160988,1,7_spike
0.007176876068115234,238,2,0.007176876068115234,0.0,119.0,278.67277921732773,33162.060726862,0.0,0.00013333831113808507,2304.0,1,7_spike
3.795124053955078,6928,21,0.1897562026977539,0.1726568269069537,329.9047619047619,5.533415957276787,1825.5002739054087,0.9098876582282989,0.9261609838149838,236685.89569160988,1,7_spike
3.8080861568450928,6874,20,0.2004255872023733,0.18150025993809119,343.7,5.251982013077539,1805.1062178947502,0.9055742955355651,0.9514934722479582,244523.71000000002,1,7_spike
3.7696328163146973,6791,19,0.20942404535081652,0.16753286126061012,357.42105263157896,5.040278702416155,1801.5017193741112,0.7999695592737099,0.9779310049620951,261254.3490304709,1,7_spike
3.62191104888916,6791,19,0.20121728049384224,0.16170333018652133,357.42105263157896,5.245849426872948,1874.9770240996943,0.8036254629307042,0.9779310049620951,261254.3490304709,1,7_spike
33.314048051834106,7005,23,1.5142749114470049,11.747974674722395,304.5652173913044,0.6903994364243505,210.27165444141633,7.758151829575193,0.8387320835501746,222783.81096408307,1,7_spike
144.81470704078674,25678,137,1.0648140223587261,15.114993813822794,187.43065693430657,0.9460365096855408,177.3162444941994,14.194961276280686,0.43813568688511983,118501.85103095528,1,7_spike
36.42176914215088,6922,22,1.7343699591500419,14.84172135829903,314.6363636363636,0.6040343596198192,190.0511744221995,8.557413762847041,0.8660642700778407,237163.86776859508,1,7_spike
36.04193305969238,7005,23,1.638269684531472,13.836202284376874,304.5652173913044,0.638145572322871,194.35694496181353,8.44561943312397,0.8387320835501746,222783.81096408307,1,7_spike
4.058844089508057,7006,22,0.19327828997657412,0.16029621775660796,318.45454545454544,5.4202623985654155,1726.1071983795136,0.8293544907502872,0.9447703935095142,228667.61157024791,1,7_spike
4.438736915588379,6874,20,0.23361773239938835,0.32200969276109853,343.7,4.505786303703221,1548.6387525827972,1.3783615201375081,0.7335474119627533,244523.70999999996,1,7_spike
4.447806119918823,6791,19,0.2471003399954902,0.18532351417661294,357.42105263157896,4.27176893230831,1526.8201483845123,0.749992955007651,1.0870810616501176,261254.3490304709,1,7_spike
35.210599184036255,6922,22,1.6766951992398216,13.77730441629753,314.6363636363636,0.6248118609118796,196.5885318741832,8.216940337482848,0.8660642700778407,237163.86776859508,1,7_spike
0.006246089935302734,296,2,0.006246089935302734,0.0,148.0,320.200320635163,47389.64745400412,0.0,0.00013333831113808507,4761.0,1,7_spike
0.005861997604370117,240,2,0.005861997604370117,0.0,120.0,341.1806239069427,40941.67486883312,0.0,0.00013333831113808507,1681.0,1,7_spike
5.258224010467529,14633,37,0.14606177806854248,0.6201356906746156,395.4864864864865,7.036596372909222,2782.878776345423,4.245708212477081,0.12693469907972624,272572.30387143895,1,7_spike
4.102664947509766,6874,20,0.21592973407946134,0.2357932924413685,343.7,4.874880170787428,1675.496314699639,1.091990843440753,0.9514934722479582,244523.71000000002,1,7_spike
125.45881915092468,11475,34,3.801782398512869,145.68526455993697,337.5,0.27100526077085596,91.46427551016389,38.320253315109305,0.36250499005045766,257439.60294117648,1,7_spike
125.08694505691528,15850,36,3.5739127159118653,137.44193502438395,440.27777777777777,0.2877998178276701,126.71186423801588,38.456992643514056,0.34707058668241625,330597.9228395062,1,7_spike
39.274028062820435,7059,24,1.707566437513932,15.91375303383365,294.125,0.6110908705776501,179.73710230865134,9.319551312452996,0.8131945513108904,216008.109375,1,7_spike
38.2755241394043,6922,22,1.8226440066382998,16.353519941478964,314.6363636363636,0.5747798493855556,180.846641702128,8.97241583211937,0.8660642700778407,237163.86776859508,1,7_spike
0.00789189338684082,443,2,0.00789189338684082,0.0,221.5,253.42460952841304,56133.55101054349,0.0,0.00013333831113808507,17822.25,1,7_spike
0.008550882339477539,403,2,0.008550882339477539,0.0,201.5,233.89399135647568,47129.63925832985,0.0,0.00013333831113808507,12882.25,1,7_spike
10.20396089553833,5950,23,0.46381640434265137,4.170536909443698,258.69565217391306,2.254026670178315,583.1068994591728,8.991783969681787,0.18491396920634925,127493.08128544423,1,7_spike
90.08485698699951,93529,92,0.989943483373621,43.547885531781276,1016.6195652173913,1.021259322344008,1038.2322082555731,43.99027445826984,0.10564221121128758,438391.8009215502,1,7_spike
0.0073969364166259766,240,2,0.0073969364166259766,0.0,120.0,270.3822078968574,32445.864947622886,0.0,0.00013333831113808507,1681.0,1,7_spike
4.377619028091431,9935,24,0.19033126209093176,0.6641066398122717,413.9583333333333,5.482432309890521,2269.498541615097,3.489214711847974,0.17885121704178897,236314.20659722225,1,7_spike
40.809529066085815,6976,23,1.8549785939129917,18.162970051932813,303.30434782608694,0.5635938597270858,170.9404680633109,9.791471508907748,0.8387320835501746,229677.51606805288,1,7_spike
0.2774507999420166,10345,25,0.011560449997584024,0.00035853409166235976,413.8,90.10606567083121,37285.889974589954,0.03101385255221799,0.8151907041108346,273397.92000000004,1,7_spike
41.543482065200806,6922,22,1.9782610507238478,19.707207277602834,314.6363636363636,0.5295656239280062,166.62060221952996,9.961884085213095,0.7509732630032262,237163.86776859508,1,7_spike
0.020513057708740234,405,2,0.020513057708740234,0.0,202.5,97.49887259118064,19743.52169971408,0.0,0.00013333831113808507,15252.25,1,7_spike
0.0201261043548584,365,2,0.0201261043548584,0.0,182.5,99.37342889296926,18135.65077296689,0.0,0.00013333831113808507,10712.25,1,7_spike
6.974248886108398,6052,22,0.3321070898146856,1.9769092381627065,275.09090909090907,3.154461556974332,867.7636974003935,5.952625820983869,0.1914509419133842,141732.9917355372,1,7_spike
0.03083205223083496,405,2,0.03083205223083496,0.0,202.5,64.86756006464634,13135.680913090884,0.0,0.00013333831113808507,15252.25,1,7_spike
0.030685901641845703,365,2,0.030685901641845703,0.0,182.5,65.17651080757696,11894.713222382796,0.0,0.00013333831113808507,10712.25,1,7_spike
5.43949818611145,77935,85,0.06475593078704107,0.29431353284953665,916.8823529411765,15.626441464219734,14327.608417811352,4.5449664497515725,0.06458331456308923,482288.92733564007,1,7_spike
0.312824010848999,5683,20,0.01646442162363153,0.0006371306058313581,284.15,63.93371130854163,18166.764068322107,0.03869741800810537,0.9430511726459175,149997.92749999996,1,7_spike
3.703223943710327,6791,19,0.20573466353946263,0.16005874691864325,357.42105263157896,5.130664601656133,1833.8075426235157,0.7779862866324511,0.9779310049620951,261254.3490304709,1,7_spike
10.29113507270813,21835,42,0.2510032944562959,0.7410842262292996,519.8809523809524,4.081182464642127,2121.7290265585916,2.9524880453644227,0.3083419447389343,314821.67630385485,1,7_spike
33.99401307106018,7005,23,1.5451824123209172,12.106769196285562,304.5652173913044,0.6765897263121424,206.06569707898078,7.8351714980374245,0.8387320835501746,222783.81096408307,1,7_spike
39.16838097572327,7059,24,1.7029730859010115,15.761138132444616,294.125,0.6127391381041587,180.22189899488566,9.255071770030758,0.8131945513108904,216008.109375,1,7_spike
3.96130108833313,6791,19,0.22007228268517387,0.18058819365555834,357.42105263157896,4.796403902737669,1714.335731762711,0.8205858159516626,1.1169307902579593,261254.3490304709,1,7_spike
3.850382089614868,6874,20,0.2026516889270983,0.19163791705245295,343.7,5.1942896924290665,1785.2773672878702,0.9456517143629262,0.9514934722479582,244523.71000000002,1,7_spike
4.072026968002319,6874,20,0.21431720884222732,0.2201942481804733,343.7,4.911558827374792,1688.102768968716,1.0274221532185615,0.9514934722479582,244523.70999999996,1,7_spike
0.008261919021606445,375,2,0.008261919021606445,0.0,187.5,242.07451014342192,45388.970651891614,0.0,0.00013333831113808507,7482.25,1,7_spike
1.3870959281921387,7731,18,0.08159387812894933,0.015398653031813448,429.5,12.97675210067134,5573.515027238342,0.18872314179597793,0.7529817792182898,277697.3611111111,1,7_spike
4.006449937820435,6845,20,0.21086578620107552,0.17014690686379172,342.25,4.991950557325642,1708.4950782447008,0.806896699218642,0.9514934722479582,252564.6875,1,7_spike
3.831449031829834,6874,20,0.2016552122015702,0.18788822257487697,343.7,5.219957210405157,1794.0992932162526,0.9317300580709412,0.9514934722479582,244523.71000000002,1,7_spike
38.65235495567322,7059,24,1.680537171985792,15.95154376018193,294.125,0.6209194763817978,182.62794099079628,9.491931524092935,0.7031357312568207,216008.109375,1,7_spike
3.196624994277954,6874,20,0.16824342075147128,0.12365953525606907,343.7,6.2565987677004795,2150.392996458655,0.735003691102659,0.8092118302904903,244523.71000000002,1,7_spike
3.181962013244629,6791,19,0.17677566740247938,0.11526659328646607,357.42105263157896,5.971158650202051,2134.217810185375,0.6520501094985508,1.039915264224598,261254.3490304709,1,7_spike
60.06195902824402,14630,145,0.41709693769613904,0.04005932253533273,100.89655172413794,2.414173669090847,243.58179847447653,0.09604319503423568,1.9186816664775184,178.3686087990488,1,7_spike
4.178547143936157,6874,20,0.2199235338913767,0.3291110615744561,343.7,4.786352603206521,1645.0693897220813,1.4964795069954115,0.7659437217964784,244523.70999999996,1,7_spike
58.38404393196106,7005,23,2.653820178725503,33.16444237849552,304.5652173913044,0.39394324974822714,119.9814114994057,12.496868719425724,0.726197143972107,222783.81096408307,1,7_spike
29.934030055999756,13649,42,0.7300982940487746,16.139937794339875,324.9761904761905,1.4030853821362363,455.96934239946404,22.1065271976401,0.22872403486129722,147672.73752834467,1,7_spike
89.01081490516663,160328,220,0.40644207719254166,10.052759283529294,728.7636363636364,2.471609772749425,1801.2193256607718,24.733559460594563,0.10147874900280722,318663.6077685949,1,7_spike
0.005637168884277344,238,2,0.005637168884277344,0.0,119.0,354.78802233124685,42219.77465741837,0.0,0.00013333831113808507,2304.0,1,7_spike
3.768320083618164,6845,20,0.19833263597990336,0.1184078797919998,342.25,5.307404773534243,1816.4592837420946,0.5970166191105222,1.1913741015077264,252564.6875,1,7_spike
35.93316292762756,7005,23,1.6333255876194348,14.454722045663054,304.5652173913044,0.6400772469243509,194.94526585674254,8.84987179239061,0.726197143972107,222783.81096408307,1,7_spike
3.2908518314361572,6874,20,0.17320272797032407,0.13699091485508816,343.7,6.077453809663567,2088.820874381368,0.7909281595065851,0.8092118302904903,244523.71000000002,1,7_spike
3.399531126022339,6791,19,0.18886284033457437,0.14166057645835414,357.42105263157896,5.589006041027538,1997.6284223483162,0.7500711956221751,0.9779310049620951,261254.3490304709,1,7_spike
40.82541298866272,7005,23,1.85570059039376,18.972527787215927,304.5652173913044,0.5633745825519789,171.5843022076788,10.223916447205612,0.726197143972107,222783.81096408307,1,7_spike
3.1211750507354736,6874,20,0.1642723710913407,0.12342793490482039,343.7,6.4078430959158155,2202.375672066266,0.7513614984968501,0.8092118302904903,244523.71000000002,1,7_spike
35.735111951828,7059,24,1.5537005196446958,13.672448187322333,294.125,0.6716083618921557,197.5368094415303,8.79992509138697,0.7031357312568207,216008.109375,1,7_spike
3.2410900592803955,6791,19,0.18006055884891087,0.11758385390563217,357.42105263157896,5.862225255233569,2095.282721489009,0.6530239307115391,1.039915264224598,261254.3490304709,1,7_spike
0.012141942977905273,367,2,0.012141942977905273,0.0,183.5,164.71828303257604,30225.804936477703,0.0,0.00013333831113808507,8372.25,1,7_spike
0.011777162551879883,307,2,0.011777162551879883,0.0,153.5,169.82019150960585,26067.399396724497,0.0,0.00013333831113808507,3782.25,1,7_spike
8.339686155319214,23093,43,0.1985639560790289,0.4579215845854331,537.046511627907,5.156069329128623,2769.049046920169,2.3061667063239777,0.22445430845694614,371936.74202271504,1,7_spike
8.204272031784058,10456,22,0.3906796205611456,2.012623211602582,475.27272727272725,2.6815298072479927,1274.4579847538641,5.151595081186439,0.1914509419133842,348678.0165289256,1,7_spike
3.31181001663208,6928,21,0.165590500831604,0.13835161994777476,329.9047619047619,6.340943440154152,2091.9074358756175,0.8355045685167072,0.7909934203983502,236685.89569160988,1,7_spike
41.145352840423584,7005,23,1.8702433109283447,18.296217204466927,304.5652173913044,0.5589938695920834,170.25008941271932,9.782800503847339,0.8387320835501746,222783.81096408307,1,7_spike
4.537888050079346,6928,21,0.22689440250396728,0.19340795139140085,329.9047619047619,4.6277034092176015,1526.7013913837877,0.8524139390702645,1.1024332513826312,236685.89569160988,1,7_spike
3.453716993331909,6928,21,0.17268584966659545,0.11360612175758134,329.9047619047619,6.080405557416747,2005.9547477039632,0.6578774229441535,1.0512607975312473,236685.89569160988,1,7_spike
1.1474320888519287,18113,29,0.04097971745899746,0.008879622655717623,624.5862068965517,25.273826905970665,15785.68368096023,0.21668335474987574,0.5585824570379537,353849.96670630196,1,7_spike
58.29639196395874,10927,27,2.2421689216907206,41.13693525562912,404.7037037037037,0.4631504470584136,187.4387012965661,18.346938474470324,0.6426028136970408,252084.80109739365,1,7_spike
3.091602087020874,6874,20,0.1627158993168881,0.1246771557079029,343.7,6.469137824677941,2223.4426703418085,0.7662260186700932,0.8092118302904903,244523.70999999996,1,7_spike
3.277523994445801,6845,20,0.17250126286556847,0.12542220929404432,342.25,6.102167378146629,2088.466785170684,0.7270799483467364,0.8092118302904903,252564.6875,1,7_spike
7.092516899108887,17491,38,0.1916896459218618,0.3738849719664187,460.2894736842105,5.357759528888027,2466.120313678434,1.9504703562279255,0.2477544432585863,322261.2056786703,1,7_spike
6.875717878341675,10328,22,0.32741513706388925,1.2529583796482184,469.45454545454544,3.1996658951495673,1502.0976984138515,3.826818731974893,0.1914509419133842,346890.2479338844,1,7_spike
37.61154103279114,7005,23,1.7096155014905063,15.860839592438579,304.5652173913044,0.6115144279769804,186.24602469472816,9.277430848404515,0.726197143972107,222783.81096408307,1,7_spike
3.210012912750244,6874,20,0.16894804803948654,0.12709608729354055,343.7,6.230504531791616,2141.4244075767783,0.7522791104626178,0.8092118302904903,244523.71000000002,1,7_spike
3.2156529426574707,6791,19,0.17864738570319283,0.12223156860316589,357.42105263157896,5.908597830305056,2111.8572560842968,0.6842057504622153,0.9779310049620951,261254.3490304709,1,7_spike
3.192949056625366,6791,19,0.17738605870140922,0.12170443642120334,357.42105263157896,5.95061169565954,2126.8738960644177,0.6860992194773674,0.9779310049620951,261254.3490304709,1,7_spike
3.1356799602508545,6874,20,0.16503578738162392,0.11602404299270179,343.7,6.378201938185043,2192.1880061541992,0.7030235370975096,0.9514934722479582,244523.71000000002,1,7_spike
36.46911096572876,7005,23,1.65768686207858,14.852794605605645,304.5652173913044,0.6306707070982308,192.08036100970028,8.959951933854182,0.726197143972107,222783.81096408307,1,7_spike
3.270756959915161,6874,20,0.17214510315342954,0.12109414168861812,343.7,6.114792460922799,2101.654168819166,0.7034422674265053,0.9514934722479582,244523.70999999996,1,7_spike
0.033232927322387695,321,2,0.033232927322387695,0.0,160.5,60.181276858288676,9659.094935755333,0.0,0.00013333831113808507,4830.25,1,7_spike
0.7036700248718262,6893,24,0.030594348907470703,0.0019851622623669437,287.2083333333333,34.106895493198834,9795.784609775816,0.0648865667437752,1.2277463550947654,186886.74826388888,1,7_spike
36.3261981010437,6922,22,1.7298189571925573,15.342240401312587,314.6363636363636,0.6056235210413585,190.55118239310383,8.869275213755646,0.7509732630032262,237163.86776859502,1,7_spike
43.862247943878174,11010,109,0.4061319254062794,0.03903181248583622,101.0091743119266,2.4850527528699784,251.0131266889767,0.09610624047048316,1.745821481308399,179.93569564851447,1,7_spike
3.3169138431549072,6791,19,0.18427299128638375,0.13669010573448434,357.42105263157896,5.728216317469377,2047.3851058912915,0.7417804680993672,0.8277448317317296,261254.3490304709,1,7_spike
3.4165570735931396,6874,20,0.17981879334700734,0.13380210706518994,343.7,5.85384630468541,2011.9669749203756,0.7440941215025496,1.0102154037926072,244523.70999999996,1,7_spike
0.020272016525268555,238,2,0.020272016525268555,0.0,119.0,98.65816740564762,11740.321921272067,0.0,0.00013333831113808507,2304.0,1,7_spike
37.81088900566101,7005,23,1.7186767729845913,16.095984107887666,304.5652173913044,0.6082903789053059,185.26409148833338,9.365335216543345,0.726197143972107,222783.81096408307,1,7_spike
3.2920138835906982,6791,19,0.18288966019948324,0.13515059949786554,357.42105263157896,5.771543095461108,2062.8710084882305,0.7389734299383176,0.8277448317317296,261254.3490304709,1,7_spike
3.373544931411743,6845,20,0.17755499639009176,0.12179804898474622,342.25,5.9284818808180235,2029.0229237099684,0.6859736501988013,1.0102154037926072,252564.6875,1,7_spike
3.2452480792999268,6874,20,0.17080253048946983,0.12428752883992733,343.7,6.162857048609501,2118.1739676070856,0.7276679595071327,0.8092118302904903,244523.70999999996,1,7_spike
3.6300768852233887,6874,20,0.19105667816965202,0.1902303167010298,343.7,5.509525178767456,1893.6238039423747,0.9956747836477695,0.8092118302904903,244523.71000000002,1,7_spike
4.16719388961792,17083,32,0.13442560934251355,0.19851170277450034,533.84375,7.67902834560309,4099.401288373049,1.4767402115224697,0.6267703679435641,361473.0693359375,1,7_spike
0.006374835968017578,307,2,0.006374835968017578,0.0,153.5,313.7335627197247,48158.10187747775,0.0,0.00013333831113808507,3782.25,1,7_spike
1.9019200801849365,21119,33,0.059435002505779266,0.016312654056040488,639.969696969697,17.350886792672796,11104.041762862327,0.27446207400183587,0.6452491846904126,440233.1808999082,1,7_spike
3.893031120300293,10412,20,0.204896374752647,0.3257061968703705,520.6,5.13738508169369,2674.522673529735,1.5896142489761782,0.633045986182535,365016.0399999999,1,7_spike
29.856593132019043,6814,20,1.5713996385273181,20.173185381121428,340.7,0.6698687928513666,228.2242977244606,12.837717972257714,0.6096331850978702,253407.8099999999,1,7_spike
5.7377028465271,51505,62,0.0940607024020836,0.158847912760383,830.7258064516129,10.805718186944308,8976.58895513817,1.6887808479395774,0.16702845235450692,403261.0377211238,1,7_spike
0.8836879730224609,6262,12,0.08033527027476918,0.017141205797639857,521.8333333333334,13.579453796294898,7086.211639366554,0.21337086113001325,0.5859647515162929,344158.80555555556,1,7_spike
0.00952911376953125,322,2,0.00952911376953125,0.0,161.0,209.88310648518814,33791.18014411529,0.0,0.00013333831113808507,4489.0,1,7_spike
0.013159990310668945,253,2,0.013159990310668945,0.0,126.5,151.97579578600286,19224.93816692936,0.0,0.00013333831113808507,1056.25,1,7_spike
6.8671040534973145,31546,66,0.10564775466918945,0.28705452433851686,477.969696969697,9.611038290061613,4593.785059064904,2.717090630438471,0.21641053503631597,334507.5748393021,1,7_spike
0.00929403305053711,240,2,0.00929403305053711,0.0,120.0,215.19183212764867,25823.019855317838,0.0,0.00013333831113808507,1681.0,1,7_spike
0.005485057830810547,316,2,0.005485057830810547,0.0,158.0,364.6269668782057,57611.0607667565,0.0,0.00013333831113808507,3600.0,1,7_spike
4.89910888671875,24813,45,0.1113433837890625,0.35764859807180344,551.4,9.18534391468474,5064.798634557165,3.2121225878078263,0.2164171721166147,305093.4844444444,1,7_spike
1.466048002243042,13954,27,0.05638646162473238,0.013314010679203145,516.8148148148148,18.416859447091916,9518.105804619281,0.23612069804648492,0.5857879751050421,359131.5582990398,1,7_spike
1.18218994140625,14193,26,0.04728759765625,0.01007337370939731,545.8846153846154,21.993081728535287,12005.684960503899,0.21302358776235936,0.6004879286629288,376903.5636094674,1,7_spike
0.00424504280090332,292,2,0.00424504280090332,0.0,146.0,471.1377702892446,68786.11446222971,0.0,0.00013333831113808507,4225.0,1,7_spike
0.004086017608642578,221,2,0.004086017608642578,0.0,110.5,489.47415100945267,54086.89368654452,0.0,0.00013333831113808507,870.25,1,7_spike
0.005301952362060547,235,2,0.005301952362060547,0.0,117.5,377.21953413076716,44323.29526036514,0.0,0.00013333831113808507,1892.25,1,7_spike
0.005099058151245117,164,2,0.005099058151245117,0.0,82.0,392.2292981717866,32162.8024500865,0.0,0.00013333831113808507,64.0,1,7_spike
0.8254280090332031,8576,14,0.06349446223332332,0.01271964179806657,612.5714285714286,16.960897675858785,10389.761319154639,0.200326789938399,0.687101219020438,410709.5306122449,1,7_spike
6.3649749755859375,12990,33,0.19890546798706055,0.6740274736766239,393.6363636363636,5.18462368298033,2040.856413391348,3.388682475639491,0.1390654346048346,276667.80716253445,1,7_spike
6.1359758377075195,17627,41,0.15339939594268798,0.5632351086997609,429.9268292682927,6.681903756537303,2872.7296955239767,3.671690525497199,0.1169106136428298,321457.238548483,1,7_spike
0.006440162658691406,156,2,0.006440162658691406,0.0,78.0,310.5511624463202,24222.99067081297,0.0,0.00013333831113808507,64.0,1,7_spike
1.9565610885620117,8243,34,0.0592897299564246,0.008484097071142947,242.44117647058823,17.377428284127095,4213.004157237048,0.14309555933849577,1.412461496504741,125248.12889273356,1,7_spike
6.099255084991455,9232,21,0.30496275424957275,1.1796140305839942,439.6190476190476,3.4430434056898314,1513.6274629204058,3.868059342153737,0.19852242093317188,334870.3310657597,1,7_spike
0.003982067108154297,349,2,0.003982067108154297,0.0,174.5,502.25170638246914,87642.92276374086,0.0,0.00013333831113808507,6806.25,1,7_spike
0.0039768218994140625,278,2,0.0039768218994140625,0.0,139.0,502.91414868105517,69905.06666666667,0.0,0.00013333831113808507,2209.0,1,7_spike
5.662514925003052,48816,68,0.08451514813437391,0.22039198445689273,717.8823529411765,12.008798369739106,8620.904429664473,2.607721684478183,0.07757236016542071,441634.07439446374,1,7_spike
0.00584101676940918,297,2,0.00584101676940918,0.0,148.5,342.4061390260827,50847.31164537328,0.0,0.00013333831113808507,2450.25,1,7_spike
1.213818073272705,11614,24,0.0527746988379437,0.011148519397442653,483.9166666666667,19.77232052188103,9568.155439213595,0.21124742808436725,0.7529215236576084,346761.4930555555,1,7_spike
0.5673649311065674,8569,14,0.04364345623896672,0.009904048755073796,612.0714285714286,24.675476456916225,15103.154125665367,0.2269308988922615,0.4293335441770542,408925.4948979592,1,7_spike
7.5522918701171875,330,5,1.8880729675292969,2.247934549384098,66.0,0.6620506842146735,43.69534515816845,1.1905972851916367,1.3863165843327945,0.0,1,7_spike
5.3511669635772705,9156,20,0.2816403665040669,0.8811402501828048,457.8,3.7375025178862935,1711.0286526883451,3.128600708485732,0.2061995777968542,342730.66000000003,1,7_spike
0.005691051483154297,307,2,0.005691051483154297,0.0,153.5,351.4289065772937,53944.33715961458,0.0,0.00013333831113808507,3782.25,1,7_spike
1.4390161037445068,12635,23,0.06540982289747758,0.012324229927273923,549.3478260869565,15.983142885024714,8780.304797925533,0.18841558318527699,0.8225656542052845,378757.53119092627,1,7_spike
0.013703107833862305,388,2,0.013703107833862305,0.0,194.0,145.95229230100043,28314.744706394085,0.0,0.00013333831113808507,12769.0,1,7_spike
5.948369979858398,70919,86,0.06998082329245174,0.053195119420460006,824.6395348837209,14.45774225396236,11922.42584777624,0.7601385196363891,0.3163990989664094,503305.3002974578,1,7_spike
0.11563396453857422,375,2,0.11563396453857422,0.0,187.5,17.295956322009715,3242.991810376822,0.0,0.00013333831113808507,7482.25,1,7_spike
0.07765603065490723,375,2,0.07765603065490723,0.0,187.5,25.75459990850841,4828.987482845327,0.0,0.00013333831113808507,7482.25,1,7_spike
3.5849850177764893,38738,61,0.05974975029627482,0.019989487062076875,635.0491803278688,17.015412811357844,10805.623958793116,0.3345534828674112,0.5841995916807395,426859.81725342653,1,7_spike
1.4200401306152344,7692,19,0.07889111836751302,0.012990278078423977,404.8421052631579,13.379903560731218,5416.748325744449,0.16466084328921507,0.9779310049620951,265528.6592797784,1,7_spike
1.3843560218811035,7691,19,0.07690866788228352,0.012722103664815325,404.7894736842105,13.724793116572892,5555.651782082216,0.1654183333962797,0.9009154789287339,265484.06094182836,1,7_spike
3.3611040115356445,10220,20,0.17690021113345497,0.2003412624582028,511.0,5.950425792048685,3040.667579736878,1.1325100245757407,0.7659437217964784,362593.0,1,7_spike
1.3453009128570557,7691,19,0.07473893960316975,0.012544020462562524,404.7894736842105,14.123234302762148,5716.936580133878,0.1678378169287074,0.7867079407430062,265484.06094182836,1,7_spike
1.3708651065826416,7692,19,0.07615917258792454,0.012243603103575508,404.8421052631579,13.85986112620819,5611.055356989125,0.16076334192628558,0.9779310049620951,265528.6592797784,1,7_spike
1.8072600364685059,9138,21,0.0903630018234253,0.01749592324562116,435.14285714285717,11.619799904962905,5056.272930073858,0.19361821644448285,1.0512607975312473,303602.02721088426,1,7_spike
0.03537893295288086,316,2,0.03537893295288086,0.0,158.0,56.53081744052834,8931.869155603477,0.0,0.00013333831113808507,3600.0,1,7_spike
0.005856990814208984,316,2,0.005856990814208984,0.0,158.0,341.47227875926075,53952.6200439632,0.0,0.00013333831113808507,3600.0,1,7_spike
1.2500839233398438,15366,29,0.04464585440499442,0.009169603281438937,529.8620689655172,23.19844248738183,12291.974733141697,0.20538532420634234,0.705490198193339,370904.46373365034,1,7_spike
1.266045093536377,15408,29,0.04521589619772775,0.009796614591300393,531.3103448275862,22.905977163100747,12170.182625139872,0.2166630635487151,0.5585824570379537,371825.24851367425,1,7_spike
2.945176124572754,16836,28,0.10908059720639829,0.15745391269226072,601.2857142857143,9.507071501220274,5716.466278376591,1.443463977322495,0.4195606552882364,311841.34693877556,1,7_spike
0.0052089691162109375,222,2,0.0052089691162109375,0.0,111.0,383.95313072134746,42618.79751006957,0.0,0.00013333831113808507,1681.0,1,7_spike
0.009571075439453125,172,2,0.009571075439453125,0.0,86.0,208.9629334396174,17970.812275807093,0.0,0.00013333831113808507,256.0,1,7_spike
0.17572498321533203,9238,20,0.00924868332712274,0.0002442424266721263,461.9,113.81420919239557,52570.78322596751,0.02640834571077373,0.8539502652583872,229130.49,1,7_spike
1.8828651905059814,9218,31,0.06276217301686605,0.009852232302460998,297.35483870967744,16.464269537889425,4895.730212911765,0.15697723372027625,0.7760846974000738,211040.55150884495,1,7_spike
5.665446043014526,1420,14,0.4358035417703482,0.04977520119004334,101.42857142857143,2.4711205249694235,250.64222467547012,0.11421476977411296,1.6313504219250998,161.95918367346943,1,8_session_replays
230.22665691375732,13893,157,1.4758119032933161,5.994021219756991,88.49044585987261,0.6819366710381067,60.344880068359345,4.061507571785512,1.2606520065054878,2198.1097813298716,1,8_session_replays
10.08585000038147,2605,37,0.2801625000105964,0.40135979362538027,70.4054054054054,3.6685058769068126,258.2826434957364,1.432596416758845,0.6264767734404437,50.619430241051866,1,8_session_replays
59.89858603477478,14674,145,0.4159624030192693,0.040571848930012394,101.2,2.4207583116539455,244.9807411393793,0.09753729816810612,1.784881993671548,172.87724137931036,1,8_session_replays
220.11929607391357,4947,51,4.402385921478271,40.14223775829677,97.0,0.2316925454044464,22.4741769042313,9.118291416127704,0.6268723591052789,972.6666666666666,1,8_session_replays
0.11988711357116699,8982,15,0.008563365255083357,0.00017223958931097334,598.8,125.1177007535155,74920.4792112051,0.02011353996709752,1.2527690024026656,279719.75999999995,1,8_session_replays
30.05582904815674,13236,71,0.42936898640223914,1.2234294253952998,186.42253521126761,2.362270556112119,440.3804659253522,2.849366079386957,0.6250873375486373,122339.7932949812,1,8_session_replays
1.6629970073699951,4383,22,0.07919033368428548,0.08474845175565779,199.22727272727272,13.22912783516831,2635.603059161032,1.0701868247396369,0.1914509419133842,39903.72107438016,1,8_session_replays
1.420470952987671,24652,33,0.044389717280864716,0.009718974168203276,747.030303030303,23.23173165251372,17354.807536296004,0.21894652103118664,0.5670617864576181,412138.6354453627,1,8_session_replays
182.25238513946533,7689,27,7.009707120748667,197.30106639720486,284.77777777777777,0.14814620933130032,42.1887482795692,28.146834525110982,0.773609316953819,211651.8765432099,1,8_session_replays
145.84637212753296,5291,23,6.629380551251498,237.52234172884752,230.04347826086956,0.1577001859181525,36.2778992909976,35.82873843077358,0.5763877423584638,116298.21550094521,1,8_session_replays
0.018970012664794922,238,2,0.018970012664794922,0.0,119.0,105.42955533770706,12546.117085187141,0.0,0.00013333831113808507,2304.0,1,8_session_replays
3.9752800464630127,6711,19,0.22084889147016737,0.2665165244514036,353.2105263157895,4.779537486146458,1688.1829510278355,1.2067822603827971,0.8277448317317296,259164.3767313019,1,8_session_replays
0.016572952270507812,314,2,0.016572952270507812,0.0,157.0,120.67855909770975,18946.533778340432,0.0,0.00013333831113808507,4225.0,1,8_session_replays
0.859004020690918,9086,20,0.04521073793110095,0.005658301062365712,454.3,23.282778099121714,10577.366090430995,0.12515391965043124,0.753448839478169,311081.01,1,8_session_replays
220.15317511558533,43584,120,1.8500266816435742,33.00291474600974,363.2,0.5450750366738855,197.9712533199552,17.839156090813656,0.3081414395290173,834.5599999999998,1,8_session_replays
220.08156609535217,2568,36,6.288044745581491,85.7073618114341,71.33333333333333,0.1635757171248168,11.668401154903599,13.630208638648652,0.6224909857058339,152.88888888888889,1,8_session_replays
4.247374057769775,6508,19,0.23596522543165419,0.35117340590496277,342.5263157894737,4.473352179858766,1532.2408413958344,1.4882421986653194,0.5566537727242385,257199.09141274233,1,8_session_replays
0.008208036422729492,316,2,0.008208036422729492,0.0,158.0,243.663636099573,38498.85450373254,0.0,0.00013333831113808507,4489.0,1,8_session_replays
1.516296148300171,6839,23,0.06892255219546231,0.011151176864629754,297.3478260869565,15.16854080634837,4510.332633678978,0.16179286038342497,0.7559884864221376,192544.83553875235,1,8_session_replays
210.2506880760193,2392,32,6.782280260516751,154.2478471926597,74.75,0.15219926409196777,11.376894990874591,22.742771054540192,0.5341639601824547,431.6875,1,8_session_replays
0.006000995635986328,222,2,0.006000995635986328,0.0,111.0,333.27802940007945,36993.86126340882,0.0,0.00013333831113808507,1600.0,1,8_session_replays
0.005460023880004883,271,2,0.005460023880004883,0.0,135.5,366.2987642461028,49633.48255534693,0.0,0.00013333831113808507,4160.25,1,8_session_replays
156.05573987960815,125365,195,0.8044110303072586,8.47926794158687,642.8974358974359,1.2495535258775874,803.3347578033013,10.540964285817997,0.3508546449334824,279838.3894806049,1,8_session_replays
42.24229693412781,6658,22,2.011537949244181,16.345502081494324,302.6363636363636,0.5208050129070056,157.61453526976564,8.12587308513668,0.932077583345585,232588.8677685951,1,8_session_replays
133.35476994514465,525,9,16.66934624314308,344.680395586557,58.333333333333336,0.06748914945976166,3.9368670518194304,20.677499318747483,1.039734687472337,61.55555555555556,1,8_session_replays
4.704974889755249,6848,21,0.23524874448776245,0.31631249227388525,326.0952380952381,4.463360696297449,1455.4806689640443,1.3445873769172856,0.7909934203983502,236426.84807256242,1,8_session_replays
0.4272470474243164,1445,8,0.061035292489188056,0.0067897188002243826,180.625,18.724529632746357,3382.1181649148107,0.11124250451371442,1.1537555753182676,50003.484375,1,8_session_replays
0.01397705078125,318,2,0.01397705078125,0.0,159.0,143.09170305676855,22751.5807860262,0.0,0.00013333831113808507,4900.0,1,8_session_replays
1.6891870498657227,9777,27,0.06496873268714318,0.012596490286717955,362.1111111111111,15.984020243433841,5787.991330372321,0.19388542404507617,0.8398002165747604,287686.098765432,1,8_session_replays
131.09145283699036,603,10,14.565716981887817,425.07106623512834,60.3,0.07628262395134794,4.599842224266281,29.182982668391528,0.6365287505921771,61.40999999999999,1,8_session_replays
5.64832615852356,6591,20,0.2972803241328189,0.7018183188412941,329.55,3.5408720103422437,1166.8943710082865,2.3607963994540575,0.4094652621213699,246759.8475,1,8_session_replays
48.799697160720825,6795,24,2.121725963509601,20.093684495722954,283.125,0.4918063307023501,139.24266738010286,9.470442857043366,0.8734675789641724,216552.859375,1,8_session_replays
194.97872710227966,892,13,16.248227258523304,428.4606444698806,68.61538461538461,0.06667394024569978,4.574858053781862,26.36968560647893,0.8877039714990749,445.00591715976327,1,8_session_replays
0.008307933807373047,174,2,0.008307933807373047,0.0,87.0,240.73374275383114,20943.83561958331,0.0,0.00013333831113808507,64.0,1,8_session_replays
0.012480974197387695,218,2,0.012480974197387695,0.0,109.0,160.2439015071921,17466.58526428394,0.0,0.00013333831113808507,900.0,1,8_session_replays
4.277379989624023,12742,32,0.1379799996652911,0.48093154048421705,398.1875,7.4812151545162955,2978.9263593389574,3.485516318675536,0.14251064280092482,273519.40234375,1,8_session_replays
0.005903005599975586,235,2,0.005903005599975586,0.0,117.5,338.81045276465125,39810.22819984652,0.0,0.00013333831113808507,812.25,1,8_session_replays
0.00569605827331543,279,2,0.00569605827331543,0.0,139.5,351.1200033485413,48981.24046712151,0.0,0.00013333831113808507,2550.25,1,8_session_replays
0.3774569034576416,447554,441,0.0008578565987673672,0.00013118657139928733,1014.8616780045352,1168.3453023650666,1185708.8740469273,0.1529236606535242,0.03220262561046974,256202.73596906636,1,8_session_replays
4.529132843017578,6794,20,0.23837541279039884,0.3554057888308946,339.7,4.415856344517112,1500.0664002324631,1.4909498621126642,0.536671105669714,244361.31,1,8_session_replays
30.037235975265503,11872,69,0.4417240584597868,1.3733563756970906,172.05797101449275,2.297148780827198,395.2427583475434,3.1090821280727607,0.5924040903518684,107646.22852341946,1,8_session_replays
41.9971399307251,6722,23,1.9089609059420498,19.002330643241695,292.2608695652174,0.5476563413113092,160.05851853454874,9.954279620967025,0.8387320835501746,223787.93194706997,1,8_session_replays
9.254815816879272,6664,21,0.46274079084396363,2.6848915550332118,317.3333333333333,2.2690889171126916,720.0575496970941,5.802150163024115,0.19852242093317188,238188.31746031743,1,8_session_replays
0.0077021121978759766,316,2,0.0077021121978759766,0.0,158.0,259.6690295619873,41027.706670793996,0.0,0.00013333831113808507,3600.0,1,8_session_replays
1.4139502048492432,16456,28,0.05236852610552752,0.011996996977621847,587.7142857142857,19.802677565286245,11638.316500512517,0.22908792493886054,0.603802071378928,394585.34693877544,1,8_session_replays
4.537590026855469,6794,20,0.2388205277292352,0.3618214251276324,339.7,4.407626048548048,1497.2705686917718,1.5150348613995632,0.633045986182535,244361.31,1,8_session_replays
42.85826921463013,6639,22,2.040869962601435,20.34683792685193,301.77272727272725,0.513319842428216,154.9059288127694,9.969688564045715,0.8660642700778407,232586.9938016528,1,8_session_replays
10.347123861312866,6527,19,0.5748402145173814,3.595125688367161,343.5263157894737,1.836259066255078,630.803311865626,6.254130448033321,0.21456706900530836,257119.6177285319,1,8_session_replays
5.425235033035278,6765,20,0.28553868594922516,0.3582800071024566,338.25,3.686476231576371,1246.9505853307073,1.2547511939106086,1.0596900905349211,250458.6875,1,8_session_replays
0.009174108505249023,330,2,0.009174108505249023,0.0,165.0,218.00483380545234,35970.79757789963,0.0,0.00013333831113808507,5776.0,1,8_session_replays
1.1427319049835205,11083,27,0.04395122711475079,0.005495051119868842,410.48148148148147,23.627589185399852,9698.687812658762,0.12502611373106823,0.8931186667890398,298142.3237311385,1,8_session_replays
60.061227798461914,187005,842,0.07141644209091785,0.022509697104216388,222.09619952494063,14.019027430231162,3113.5727132902357,0.31518928198019236,0.605410583709385,4328.8090354376245,1,8_session_replays
4.63764500617981,6508,19,0.2576469447877672,0.3522555729287744,342.5263157894737,4.096906937612063,1403.298439472595,1.367202600515755,0.8548121507903337,257199.09141274233,1,8_session_replays
0.17130208015441895,9257,20,0.009015898955495734,0.0002743208261211185,462.85,116.7528145716103,54039.04022446983,0.030426342117987403,0.9269123446865435,229626.9275,1,8_session_replays
30.017334938049316,13266,70,0.43503383968187415,1.3702227143623802,189.5142857142857,2.331985838998303,441.94463057359263,3.149692252364503,0.5934432817557346,123602.1640816327,1,8_session_replays
9.636976957321167,6610,20,0.5072093135432193,2.90649822266239,330.5,2.07533960998071,685.8997410986246,5.730372343438302,0.2061995777968542,246457.15,1,8_session_replays
0.005805015563964844,238,2,0.005805015563964844,0.0,119.0,344.52965335961886,40999.02874979464,0.0,0.00013333831113808507,2304.0,1,8_session_replays
5.011074066162109,6794,20,0.26374074032432154,0.45568399893043715,339.7,3.991160325298811,1355.797162504006,1.7277725025344333,0.536671105669714,244361.31,1,8_session_replays
4.972132205963135,6574,20,0.26169116873490184,0.3380653172430958,328.7,4.02241918990283,1322.1691877210599,1.2918483985432556,0.8392758934944449,247971.30999999997,1,8_session_replays
42.19109487533569,6741,23,1.917777039787986,15.784035230990536,293.0869565217391,0.5451387328999009,159.7730521077492,8.230380749962201,0.9017447930332958,223586.4272211721,1,8_session_replays
4.6925108432769775,6794,20,0.2469742549093146,0.34862458577290506,339.7,4.262110556154444,1447.8389559256648,1.4115827007997859,0.9514934722479582,244361.31,1,8_session_replays
4.554574966430664,6591,20,0.23971447191740336,0.34818657903968936,329.55,4.391189111477866,1447.1163716875308,1.4525054589097208,0.6096331850978702,246759.8475,1,8_session_replays
9.270709991455078,6610,20,0.48793210481342514,2.668120516844495,330.5,2.1573320725633995,712.9982499822036,5.46822086623041,0.2061995777968542,246457.15,1,8_session_replays
30.12462592124939,13227,72,0.42429050593309,1.3138849465489701,183.70833333333334,2.3900711726087343,439.0759916679962,3.0966635552202715,0.5537087790119585,120799.87326388889,1,8_session_replays
0.006563901901245117,156,2,0.006563901901245117,0.0,78.0,304.69681450001815,23766.351531001415,0.0,0.00013333831113808507,64.0,1,8_session_replays
1.9418480396270752,8243,34,0.05884387998869925,0.00754547664803601,242.44117647058823,17.509094072329972,4244.925365829881,0.12822874102600118,1.448849861588106,125248.12889273356,1,8_session_replays
37.114707946777344,6925,23,1.6870321793989702,14.856871371482935,301.0869565217391,0.6197004172303363,186.58371257913387,8.806513327313004,0.8387320835501746,222372.16635160695,1,8_session_replays
0.005212068557739258,405,2,0.005212068557739258,0.0,202.5,383.7248067334523,77704.27336352409,0.0,0.00013333831113808507,15252.25,1,8_session_replays
0.0060710906982421875,365,2,0.0060710906982421875,0.0,182.5,329.4300973923971,60120.99277411247,0.0,0.00013333831113808507,10712.25,1,8_session_replays
5.560366153717041,78096,86,0.06541607239667108,0.3047440825724875,908.0930232558139,15.466607346084572,14045.11822441652,4.658550588677584,0.06396357151744869,485372.99134667375,1,8_session_replays
4.429937124252319,6591,20,0.2331545854869642,0.41610288827431463,329.55,4.514736764661323,1487.831500794139,1.7846652571951205,0.2061995777968542,246759.8475,1,8_session_replays
10.070534944534302,6581,20,0.5300281549754896,2.994411145271865,329.05,1.98599181772909,653.4906076237571,5.649532231755382,0.2061995777968542,248245.34750000006,1,8_session_replays
4.843979835510254,6765,20,0.25494630713211863,0.34220403901439306,338.25,4.1288363451441255,1396.5788937450004,1.3422592500508572,0.9514934722479582,250458.6875,1,8_session_replays
4.698156118392944,6591,20,0.24727137465226023,0.37118048006691695,329.55,4.256989230668907,1402.8908009669385,1.5011057409654114,0.7080253996015351,246759.8475,1,8_session_replays
45.06226587295532,6795,24,1.9592289509980574,17.57673127586828,283.125,0.5325963871338281,150.79135210726506,8.971249259518373,0.8734675789641724,216552.859375,1,8_session_replays
60.040372133255005,717374,3045,0.019724169557573917,0.00023027739487656998,235.59080459770115,50.7158748656963,11948.19376548572,0.01167488416708248,0.025301006142863174,2779.051606741785,1,8_session_replays
5.220890998840332,6765,20,0.2747837367810701,0.45194740310797943,338.25,3.830763753627956,1295.7558396646562,1.6447385438537139,0.536671105669714,250458.6875,1,8_session_replays
0.024084091186523438,238,2,0.024084091186523438,0.0,119.0,83.0423695256197,9882.041973548745,0.0,0.00013333831113808507,2304.0,1,8_session_replays
39.60513401031494,6693,23,1.8002333641052246,15.882312141729498,291.0,0.5807327907035935,168.9932420947457,8.822362954940306,0.8387320835501746,225027.65217391305,1,8_session_replays
0.0518031120300293,121,2,0.0518031120300293,0.0,60.5,38.607719143217444,2335.7670081646556,0.0,0.00013333831113808507,30.25,1,8_session_replays
0.18015408515930176,9253,20,0.009481793955752724,0.00033764414062434074,462.65,111.0160781661706,51361.58856357883,0.03560973189250625,0.9269123446865435,229719.82749999998,1,8_session_replays
0.8900821208953857,28379,44,0.020699584206869435,0.002868292324687275,644.9772727272727,49.43364097206876,31883.574935144075,0.1385676299592237,0.6521602733942218,355274.6131198346,1,8_session_replays
9.935972929000854,6581,20,0.5229459436316239,2.9289522377844377,329.05,2.012887931852605,662.3407739760996,5.600869981788527,0.2061995777968542,248245.34750000006,1,8_session_replays
4.893689155578613,6794,20,0.2575625871357165,0.39468892350773654,339.7,4.086896278894377,1388.3186659404198,1.532400058164366,0.8264109189063251,244361.31,1,8_session_replays
4.664320945739746,6645,21,0.2332160472869873,0.3138631138374365,316.42857142857144,4.502263082728212,1424.6446754632843,1.345804105200393,0.7909934203983502,238452.81632653065,1,8_session_replays
9.388964176177979,6527,19,0.5216091208987765,2.8819680454320777,343.5263157894737,2.0236524118610966,695.1778574851252,5.525148870990223,0.21456706900530836,257119.6177285319,1,8_session_replays
0.00602412223815918,222,2,0.00602412223815918,0.0,111.0,331.9985752166858,36851.84184905212,0.0,0.00013333831113808507,1681.0,1,8_session_replays
0.005606174468994141,172,2,0.005606174468994141,0.0,86.0,356.7495109296589,30680.45793995067,0.0,0.00013333831113808507,256.0,1,8_session_replays
0.20174598693847656,14233,26,0.008069839477539063,0.00028089989989839526,547.4230769230769,128.87493027521202,70549.11086950357,0.03480861059011512,0.7668420279406734,286767.7056213018,1,8_session_replays
0.34877705574035645,5519,15,0.02491264683859689,0.0006100712011774523,367.93333333333334,43.00741620792452,15823.862003435695,0.02448841366114,1.171004236705156,269583.2622222222,1,8_session_replays
0.2697620391845703,1866,10,0.0299735599093967,0.0018474924142964605,186.6,37.0697079182369,6917.207497543006,0.061637403761215306,1.2149003463272616,75859.04000000001,1,8_session_replays
4.393674850463867,6711,19,0.24409304724799263,0.33315722048558394,353.2105263157895,4.32439828768714,1527.4229951930736,1.3648779604406522,0.8277448317317296,259164.3767313019,1,8_session_replays
4.823653936386108,6591,20,0.2538765229676899,0.4337505239989543,329.55,4.146234423894854,1366.391554394549,1.7085097862875505,0.4094652621213699,246759.8475,1,8_session_replays
9.770601987838745,6676,21,0.48853009939193726,2.6402450790102465,317.9047619047619,2.1493046207529733,683.2741737212785,5.404467569749545,0.19852242093317188,237893.8956916101,1,8_session_replays
4.279093027114868,6794,20,0.2252154224797299,0.30832405550998326,339.7,4.673887637699894,1587.719630526654,1.3690183918809264,0.8092118302904903,244361.31,1,8_session_replays
34.47812104225159,6722,23,1.567187320102345,12.193440550353285,292.2608695652174,0.6670897167457125,194.96422069411648,7.780461463634733,0.8387320835501746,223787.93194706997,1,8_session_replays
9.335940837860107,6610,20,0.49136530725579514,2.710163214116897,330.5,2.1422586483082515,708.0164832658771,5.51557705458037,0.2061995777968542,246457.15,1,8_session_replays
33.921035051345825,6842,22,1.6152873833974202,12.2390729849795,311.0,0.6485651150296237,201.70375077421295,7.577025061161044,0.8660642700778407,235049.81818181818,1,8_session_replays
4.43965220451355,6591,20,0.23366590550071314,0.31795103754710774,329.55,4.504857380419822,1484.5757497173524,1.360707874200917,0.9514934722479582,246759.8475,1,8_session_replays
48.120502948760986,521319,2247,0.021424979051095718,0.0009657076638566303,232.00667556742323,46.69527254095036,10833.614946940677,0.045073914030606343,0.06649765204991444,3408.7845571279436,1,8_session_replays
0.02397608757019043,222,2,0.02397608757019043,0.0,111.0,83.41644541232859,9259.225440768474,0.0,0.00013333831113808507,1681.0,1,8_session_replays
0.023333072662353516,172,2,0.023333072662353516,0.0,86.0,85.71524329184804,7371.510923098931,0.0,0.00013333831113808507,256.0,1,8_session_replays
9.425458908081055,6610,20,0.496076784635845,2.860595733123237,330.5,2.1219125981073144,701.2921136744674,5.766437417995913,0.2061995777968542,246457.15,1,8_session_replays
0.16749191284179688,9261,20,0.008815363833778784,0.0002938085248164009,463.05,119.40875031316192,55292.221832509626,0.033329143340696046,0.8539502652583872,229625.54750000004,1,8_session_replays
30.595860958099365,10447,25,1.2748275399208069,11.02908957194928,417.88,0.8171039878314644,341.45141443501234,8.651436548534567,0.6816142709786268,292084.58559999993,1,8_session_replays
0.8102059364318848,6358,12,0.07365508513017134,0.01450920808431025,529.8333333333334,14.811049216508497,7847.387576546752,0.19698854544350858,0.7595580568713248,348282.13888888893,1,8_session_replays
0.00634002685546875,238,2,0.00634002685546875,0.0,119.0,315.4560770156438,37539.27316486161,0.0,0.00013333831113808507,2304.0,1,8_session_replays
5.048579931259155,6711,19,0.2804766628477309,0.4932873382310412,353.2105263157895,3.763434521925307,1329.2846882442493,1.7587464611943275,0.42585542596915094,259164.3767313019,1,8_session_replays
5.357975006103516,6645,21,0.2678987503051758,0.40554146556162085,316.42857142857144,3.919391183437387,1240.2073530448304,1.5137863282290414,0.6128756357590034,238452.81632653065,1,8_session_replays
8.22747802734375,6664,21,0.4113739013671875,1.6716527236293905,317.3333333333333,2.5524224957158435,809.9687386404944,4.063584777920301,0.19852242093317188,238188.31746031743,1,8_session_replays
0.006226062774658203,367,2,0.006226062774658203,0.0,183.5,321.23029792448494,58945.759669142986,0.0,0.00013333831113808507,8372.25,1,8_session_replays
0.005784034729003906,307,2,0.005784034729003906,0.0,153.5,345.77938994229186,53077.1363561418,0.0,0.00013333831113808507,3782.25,1,8_session_replays
1.319032907485962,14381,28,0.04885307064762822,0.009561241371974592,513.6071428571429,21.227673578945943,10902.684776386484,0.19571423546615452,0.6298355682363801,343116.52423469385,1,8_session_replays
1.019860029220581,10240,18,0.059991766424740064,0.0115918184036764,568.8888888888889,17.649480795669913,10040.593519314438,0.1932234887302141,0.545602659201559,377960.09876543214,1,8_session_replays
13.202989101409912,17921,28,0.48899959634851525,2.5374137787719717,640.0357142857143,2.1207318876760985,1357.344148537263,5.188989515982197,0.31540111312845587,288564.6058673469,1,8_session_replays
0.6076278686523438,7021,17,0.037976741790771484,0.004223022677102506,413.0,27.977650264304458,11554.769559157741,0.11120023672301238,1.0408462196823622,291132.35294117645,1,9_stealth
0.258253812789917,1216,5,0.06456345319747925,0.007809263306210568,243.2,19.360798378869916,4708.546165741164,0.1209548578872399,1.039747391066837,55513.36,1,9_stealth
270.2082040309906,2990,40,6.928415487974118,156.7753016492346,74.75,0.14803399527947841,11.06554114714101,22.627872407674555,0.5402078387786503,431.6875,1,9_stealth
48.046164989471436,5422,57,0.857967231954847,0.07715080473288016,95.12280701754386,1.1863589947811788,112.84979771409739,0.08992278709420506,1.32788018985602,7.72176054170514,1,9_stealth
0.2531919479370117,108,2,0.2531919479370117,0.0,54.0,7.899145357093084,426.5538492830265,0.0,0.00013333831113808507,0.0,1,9_stealth
0.2522571086883545,162,3,0.12612855434417725,0.01589049472001136,54.0,11.892628182408465,642.2019218500571,0.12598649689308003,0.6932064423178683,0.0,1,9_stealth
36.78212380409241,175,3,18.391061902046204,336.2465225255154,58.333333333333336,0.08156135888124594,4.757745934739346,18.283148864183005,0.6932064423178683,29.555555555555557,1,9_stealth
15.623378992080688,1969,28,0.5786436663733588,1.519144759672807,70.32142857142857,1.7921859294454086,126.02907482421463,2.6253545108236054,0.7772126950175835,60.50382653061224,1,9_stealth
278.659903049469,6821,80,3.527340544929987,22.109488241566293,85.2625,0.2870883077347444,24.477866838233645,6.268033369600591,1.1711729851359,1679.1685937500001,1,9_stealth
280.0388309955597,8432,97,2.917071156203747,28.85925692124844,86.9278350515464,0.34638053463927665,30.110109980189492,9.89323035877042,1.132443347809117,1520.1494313954722,1,9_stealth
0.007333993911743164,238,2,0.007333993911743164,0.0,119.0,272.70270797438315,32451.622248951593,0.0,0.00013333831113808507,2304.0,1,9_stealth
28.73135495185852,6899,20,1.5121765764136064,24.171495736000914,344.95,0.6961036134046396,240.1209414439304,15.98457224706382,0.40946526212137,254068.64749999996,1,9_stealth
0.006905794143676758,310,2,0.006905794143676758,0.0,155.0,289.6118764025548,44889.84084239599,0.0,0.00013333831113808507,3969.0,1,9_stealth
1.5304038524627686,11339,20,0.08054757118225098,0.018514383894691826,566.95,13.068445931977656,7409.155421134732,0.22985651364707513,0.7080253996015351,346589.0475,1,9_stealth
9.454753160476685,361,6,1.8909506320953369,14.137666812660887,60.166666666666664,0.634601443121916,38.181853494501944,7.476486468076181,0.50042806911777,82.1388888888889,1,9_stealth
0.00795602798461914,612,2,0.00795602798461914,0.0,306.0,251.38172010788134,76922.80635301169,0.0,0.00013333831113808507,47524.0,1,9_stealth
0.17744207382202148,162,3,0.08872103691101074,0.007854382511141011,54.0,16.9069259357793,912.9740005320822,0.08852897559142754,0.6932064423178683,0.0,1,9_stealth
1.187021017074585,12843,26,0.047480840682983395,0.009541525838071357,493.96153846153845,21.903571736309303,10819.521992670014,0.20095528429619686,0.6004879286629288,354172.9600591716,1,9_stealth
275.11316204071045,6111,63,4.437309065172749,40.30915897307253,97.0,0.2289966773406408,22.212677702042157,9.084145003431995,0.6288017614165156,972.6666666666666,1,9_stealth
260.1548898220062,50848,140,1.871617912388534,33.352150021543856,363.2,0.5381409517068303,195.45279365992076,17.81995662724786,0.3106199434796645,834.5600000000001,1,9_stealth
267.15732502937317,629302,727,0.3679852961837096,7.113054273820898,865.614855570839,2.7212429976234733,2355.548364361,19.32972416992945,0.10385871138325942,286496.84753722127,1,9_stealth
30.044960021972656,13432,75,0.40601297326990077,1.2666087225815952,179.09333333333333,2.4962589381097713,447.063334089206,3.1196262335676788,0.5553690385858905,116546.8312888889,1,9_stealth
30.275219917297363,13724,43,0.720838569459461,12.886133405687426,319.16279069767444,1.4203034731857553,453.30802013956526,17.87658700803207,0.22445430845694614,145714.60140616552,1,9_stealth
33.10680818557739,87528,122,0.27360998500477185,2.871312214495565,717.4426229508197,3.68504264488861,2643.8066608345102,10.49417920345812,0.17958794119434496,325130.29588820203,1,9_stealth
21.49136209487915,469,8,3.070194584982736,51.84904958773202,58.625,0.3722425765608499,21.822721050879828,16.88787083442256,0.4101351883000036,68.734375,1,9_stealth
0.006105899810791016,238,2,0.006105899810791016,0.0,119.0,327.5520499804764,38978.693947676686,0.0,0.00013333831113808507,2304.0,1,9_stealth
29.083652019500732,6899,20,1.5307185273421438,24.50187911608344,344.95,0.6876715478025215,237.2123004144798,16.00678287903601,0.40946526212137,254068.64749999996,1,9_stealth
240.07867288589478,1013,15,17.14847663470677,443.98033107723586,67.53333333333333,0.062479518983051194,4.219450181988724,25.890365688732075,0.8760141692238139,397.31555555555565,1,9_stealth
77.32937002182007,1276,14,5.9484130786015434,54.598383891182685,91.14285714285714,0.1810437612002996,16.50084566368445,9.17864700546631,1.6313493667798233,16919.122448979597,1,9_stealth
0.006353139877319336,222,2,0.006353139877319336,0.0,111.0,314.80496866439,34943.35152174729,0.0,0.00013333831113808507,1600.0,1,9_stealth
0.005995035171508789,271,2,0.005995035171508789,0.0,135.5,333.60938556373037,45204.07174388546,0.0,0.00013333831113808507,4160.25,1,9_stealth
0.38731813430786133,13430,21,0.019365906715393066,0.003514450654026291,639.5238095238095,54.218995032409374,34674.33825167895,0.1814761738593327,0.6128756357590034,321833.2970521542,1,9_stealth
59.135823011398315,7064,74,0.810079767279429,0.10168633148461155,95.45945945945945,1.2513565590477476,119.45382071774713,0.12552631924892385,1.555973998632129,28.24835646457267,1,9_stealth
30.011667013168335,11934,70,0.43495169584301935,1.369972369844789,170.4857142857143,2.332426251740226,397.6453555466837,3.1497115264478306,0.5657689655514557,106254.76408163266,1,9_stealth
28.999943017959595,7114,23,1.3181792280890725,20.741264993941126,309.30434782608694,0.7931050066462598,245.31082683832574,15.734783671268403,0.3676552931598914,222108.38563327029,1,9_stealth
28.36778211593628,6982,21,1.4183891057968139,22.26122693099645,332.4761904761905,0.7402764133683454,246.1242818160851,15.694724980625592,0.394404033021744,237086.820861678,1,9_stealth
30.033127784729004,12434,77,0.39517273400959213,1.0418979257717687,161.4805194805195,2.5638355269527513,414.0094927549417,2.6365632952461704,0.5873768738219471,97456.79507505483,1,9_stealth
0.006501913070678711,405,2,0.006501913070678711,0.0,202.5,307.60177477906933,62289.359392761544,0.0,0.00013333831113808507,15252.25,1,9_stealth
0.005811929702758789,365,2,0.005811929702758789,0.0,182.5,344.1197850432785,62801.86077039833,0.0,0.00013333831113808507,10712.25,1,9_stealth
0.935168981552124,78096,86,0.011001988018260283,0.004119596356826006,908.0930232558139,91.9619894334643,83510.04100925381,0.37444108737335524,0.06396357151744869,485372.99134667375,1,9_stealth
0.006205081939697266,238,2,0.006205081939697266,0.0,119.0,322.31645277799123,38355.657880580955,0.0,0.00013333831113808507,2304.0,1,9_stealth
54.65761399269104,6982,21,2.732880699634552,108.83441931664929,332.4761904761905,0.3842099657480141,127.74066575488735,39.82406525509984,0.394404033021744,237086.820861678,1,9_stealth
0.005773067474365234,156,2,0.005773067474365234,0.0,78.0,346.4362765342364,27022.029569670438,0.0,0.00013333831113808507,64.0,1,9_stealth
1.787790060043335,8297,35,0.05258206058950985,0.006793194920393103,237.05714285714285,19.577242754751428,4640.925232462074,0.12919225386439778,1.237388297504455,122655.19673469386,1,9_stealth
0.0054700374603271484,349,2,0.0054700374603271484,0.0,174.5,365.6282090397943,63802.1224774441,0.0,0.00013333831113808507,6806.25,1,9_stealth
0.005273103713989258,278,2,0.005273103713989258,0.0,139.0,379.2832662657684,52720.37401094181,0.0,0.00013333831113808507,2209.0,1,9_stealth
4.700973987579346,12384,30,0.1621025512958395,0.3550485842377063,412.8,6.381656243847413,2634.3476974602117,2.1902714139874178,0.15000000515660156,297427.0266666666,1,9_stealth
4.439076900482178,9257,21,0.2219538450241089,0.5157474584930066,440.8095238095238,4.730713270076253,2085.343463861708,2.323669853239017,0.19852242093317188,333983.10657596367,1,9_stealth
12.310687065124512,19622,70,0.1784157545670219,0.610235714663864,280.3142857142857,5.686116431170286,1593.8996658917624,3.420301733693752,0.30171428262436134,122386.58693877552,1,9_stealth
174.88479781150818,1853770,2828,0.06186232678157346,0.3265473201537082,655.505657708628,16.17064510688936,10599.949356364317,5.278613610941235,0.03899693188731173,323329.8270542704,1,9_stealth
147.39881992340088,17327,111,1.339989272030917,51.28086879291722,156.0990990990991,0.7530589461820906,117.55182306754129,38.269611453825156,0.12513160536244286,43793.99918837756,1,9_stealth
142.4387640953064,25736,81,1.7804845511913299,71.56156817638313,317.7283950617284,0.5686654227482805,180.68115209691044,40.19218708103981,0.1599178965990891,198007.13610730067,1,9_stealth
59.18983006477356,7166,75,0.799862568442886,0.11197442932382358,95.54666666666667,1.2671095679430875,121.0680955184022,0.13999208581770145,1.5953730574492284,28.434488888888882,1,9_stealth
30.02614998817444,14744,75,0.4057587836239789,1.069509071262226,196.58666666666667,2.4978227321697304,491.03864484147346,2.6358248161877174,0.6251884941263767,132528.61582222223,1,9_stealth
83.11179709434509,104836,133,0.6296348264723113,18.561401021275824,788.2406015037594,1.6002541714869174,1261.385310691748,29.479628891036377,0.13344079655762353,396614.0624116682,1,9_stealth
11.759206056594849,6167,18,0.6917180033291087,5.103361213046682,342.6111111111111,1.5307155868661015,524.4401680112916,7.377805967872983,0.22372641996979803,271427.7932098766,1,9_stealth
0.006117820739746094,316,2,0.006117820739746094,0.0,158.0,326.9137957911146,51652.3797349961,0.0,0.00013333831113808507,3600.0,1,9_stealth
1.2653429508209229,15164,28,0.04686455373410826,0.010920142903947556,541.5714285714286,22.128388182693318,11984.102800084338,0.23301497686085554,0.7258690014872565,373673.4591836735,1,9_stealth
1.176440954208374,23061,31,0.03921469847361247,0.008446948370948282,743.9032258064516,26.35066374483696,19602.343761925327,0.2154026092188934,0.5339658719799973,419089.63579604594,1,9_stealth
78.83456707000732,25661,44,1.8333620248838913,49.93069782052553,583.2045454545455,0.5581308001720457,325.5044196185197,27.234499865724935,0.40619824420977235,338608.25361570244,1,9_stealth
30.042097091674805,12390,76,0.4005612945556641,1.0660360828369404,163.02631578947367,2.5297834491408038,412.4212754586126,2.661355695935316,0.5887834587653246,98532.97299168975,1,9_stealth
28.476693868637085,6982,21,1.4238346934318542,22.864423957397168,332.4761904761905,0.7374451576743054,245.18295670866667,16.058341647995164,0.394404033021744,237086.820861678,1,9_stealth
0.8142240047454834,10752,23,0.03701018203388561,0.0030522816830423033,467.4782608695652,28.247754752931318,13205.211265370326,0.0824714042272937,1.3863530042072068,262831.4669187146,1,9_stealth
0.05767989158630371,121,2,0.05767989158630371,0.0,60.5,34.67412897278931,2097.7848028537533,0.0,0.00013333831113808507,30.25,1,9_stealth
0.006712913513183594,238,2,0.006712913513183594,0.0,119.0,297.93322915186815,35454.05426907231,0.0,0.00013333831113808507,2304.0,1,9_stealth
66.01075005531311,7113,24,2.87003261110057,35.04639472514454,296.375,0.36357714432708943,107.75517614994112,12.211148608414353,0.9811096972096376,216520.65104166666,1,9_stealth
0.0058820247650146484,222,2,0.0058820247650146484,0.0,111.0,340.0189696404686,37742.10563009201,0.0,0.00013333831113808507,1681.0,1,9_stealth
0.006081104278564453,172,2,0.006081104278564453,0.0,86.0,328.8876342821297,28284.336548263153,0.0,0.00013333831113808507,256.0,1,9_stealth
28.943830013275146,18271,68,0.4319974628847037,8.576856793158932,268.69117647058823,2.34937808744771,631.2571622905458,19.85395177065662,0.07757236016542071,109196.3310986159,1,9_stealth
59.248826026916504,7370,77,0.7795898161436382,0.11273464104713993,95.71428571428571,1.299603809280866,124.39065031688288,0.14460763687858225,1.5682044107504414,28.749536178107597,1,9_stealth
30.03822898864746,11869,69,0.44173866159775677,1.1533009823209235,172.0144927536232,2.2970728409480334,395.12981955380013,2.610821923871153,0.6465617227047568,107611.17370300354,1,9_stealth
63.7132830619812,7113,24,2.7701427418252695,32.5320433471358,296.375,0.37668754216687367,111.64077030970718,11.74381480634466,0.8734675789641724,216520.65104166666,1,9_stealth
76.90732097625732,188288,228,0.33879877082051685,5.4818777571060435,825.8245614035088,2.9646072325206556,2448.2454675300405,16.18033543578038,0.11305934238747974,296207.01308094786,1,9_stealth
0.7280919551849365,380186,407,0.001793329938879154,0.00012378758920952951,934.1179361179361,558.9953262107138,522167.5604195244,0.06902666738887869,0.14778925174448862,305481.0622581483,1,9_stealth
30.027071952819824,11797,68,0.44816525302716154,1.4000976123788968,173.48529411764707,2.2646230743658693,392.878800121973,3.124065515837843,0.599110060772769,109114.45566608997,1,9_stealth
0.0065419673919677734,238,2,0.0065419673919677734,0.0,119.0,305.7184299719378,36380.49316666059,0.0,0.00013333831113808507,2304.0,1,9_stealth
65.01637387275696,7113,24,2.826798864032911,33.58042341853133,296.375,0.36913778130675534,109.40320993478961,11.879311204555645,0.9811096972096376,216520.65104166666,1,9_stealth
0.8714640140533447,8355,23,0.0396120006387884,0.0025868249515752016,363.2608695652174,26.392369196087202,9587.314984056895,0.06530407224729168,1.448320044295195,207239.49716446124,1,9_stealth
58.30822992324829,6970,73,0.8098365267117819,0.10523924820203906,95.47945205479452,1.2519673482815485,119.53715640441634,0.1299512243901211,1.5045551024721173,28.605742165509476,1,9_stealth
28.920217990875244,6982,21,1.4460108995437622,22.72951999857242,332.4761904761905,0.726135605430976,241.42279986281306,15.718775014589392,0.394404033021744,237086.820861678,1,9_stealth
1.9323370456695557,11454,31,0.06441123485565185,0.08603822214188374,369.48387096774195,16.042749927851478,5927.537344310026,1.3357642084443626,0.14614966958412734,178496.63683662846,1,9_stealth
34.5217821598053,13521,76,0.46029042879740395,1.716001847323489,177.9078947368421,2.201508590958232,391.66575866245074,3.7280850088646624,0.5496808029171737,114452.00467451526,1,9_stealth
21.902240991592407,6982,21,1.0951120495796203,11.321526139324497,332.4761904761905,0.9588059965216003,318.7801651292292,10.338235383009877,0.394404033021744,237086.820861678,1,9_stealth
21.542392015457153,11089,58,0.3779367020255641,1.3857246519261233,191.18965517241378,2.692365822624697,514.752493225608,3.6665522149589775,0.43840947820262993,125680.42954815697,1,9_stealth
0.006098031997680664,368,2,0.006098031997680664,0.0,184.0,327.9746647378504,60347.33831176448,0.0,0.00013333831113808507,8464.0,1,9_stealth
0.005851030349731445,307,2,0.005851030349731445,0.0,153.5,341.8201377286989,52469.391141355285,0.0,0.00013333831113808507,3782.25,1,9_stealth
11.1909339427948,14653,33,0.3497166857123375,2.8401423372919345,444.030303030303,2.9488155473607103,1309.363461075045,8.121266308774636,0.1390654346048346,317761.24150596873,1,9_stealth
1.4292559623718262,25269,35,0.042036940069759596,0.009114294159576038,721.9714285714285,24.488265868010156,17679.828291964248,0.21681630833383733,0.7713714049281196,420486.7134693877,1,9_stealth
0.0317990779876709,156,2,0.0317990779876709,0.0,78.0,62.8949053420806,4905.8026166822865,0.0,0.00013333831113808507,64.0,1,9_stealth
0.006291866302490234,156,2,0.006291866302490234,0.0,78.0,317.8707086017431,24793.915270935962,0.0,0.00013333831113808507,64.0,1,9_stealth
1.8426649570465088,8244,34,0.05583833203171239,0.006927849430453463,242.47058823529412,18.451536656178913,4473.954946868793,0.12406977748760321,1.395722789017416,125250.13148788927,1,9_stealth
0.7846131324768066,6380,13,0.06538442770640056,0.012816653103734485,490.7692307692308,16.56867500925277,8131.39588915636,0.19601996306040695,0.721473557737214,299874.3313609468,1,9_stealth
0.6111490726470947,7097,17,0.03819681704044342,0.004362743420020854,417.47058823529414,27.816453891302185,11612.55136862186,0.11421745993655726,0.9180524144356796,293249.3079584775,0,10_random
0.3037850856781006,12569,19,0.016876949204338923,0.0013997404232445677,661.5263157894736,62.54421594657529,41374.644749079205,0.08293800060052951,0.7607611957424114,390368.1440443214,0,10_random
0.7461199760437012,8708,17,0.04663249850273132,0.014888819431710054,512.2352941176471,22.78453941166734,11671.04524687054,0.3192798994211729,0.7029264821284971,348931.23875432526,0,10_random
0.8848459720611572,11698,20,0.04657084063479775,0.008719135544908435,584.9,22.60280391333202,13220.3800089079,0.18722306546456224,0.633045986182535,372800.29,0,10_random
0.36168503761291504,14040,27,0.013910962985112118,0.0018124279258919438,520.0,74.65058598552291,38818.30471247191,0.13028773980864247,0.5892843634827616,372340.2962962963,0,10_random
0.33272409439086914,9465,18,0.019572005552404067,0.0020723892762661046,525.8333333333334,54.09887742861934,28446.993047882333,0.10588538158326595,0.6779158784670892,362004.58333333326,0,10_random
9.429518938064575,11191,21,0.47147594690322875,3.552798549571449,532.9047619047619,2.227048923485198,1186.8049763201357,7.535482081126541,0.19852242093317188,324914.37188208615,0,10_random
0.7097859382629395,36688,42,0.01731185215275462,0.0022259789343920446,873.5238095238095,59.172769895648656,51688.82337932281,0.12858121215169066,0.6540272978973839,465522.1065759637,0,10_random
0.7000408172607422,36576,42,0.017074166274652247,0.0022713469335640312,870.8571428571429,59.99650158164475,52248.3819488152,0.13302827775175172,0.598135031578174,466922.9319727891,0,10_random
0.10857009887695312,674,3,0.05428504943847656,0.0015152431742535555,224.66666666666666,27.631917360598713,6207.970767014511,0.027912716114790348,0.6932064423178683,24486.222222222223,0,10_random
0.006162166595458984,612,2,0.006162166595458984,0.0,306.0,324.56117000696435,99315.71802213108,0.0,0.00013333831113808507,47524.0,0,10_random
23.00705099105835,2868,30,0.7933465858985638,0.10272179204836596,95.6,1.3039480814668272,124.65743658822868,0.12947908754409113,1.7479947686051887,10.240000000000004,0,10_random
1.9348649978637695,392,5,0.4837162494659424,0.6363246512640046,78.4,2.5841596212244062,202.59811430399344,1.315491575828914,0.5623665608093112,283.44,0,10_random
379.9080650806427,5848,76,5.065440867741903,67.9156073981361,76.94736842105263,0.20004839850890652,15.393197822106385,13.40763996094418,0.9203303253445375,647.4182825484764,0,10_random
0.006270885467529297,314,2,0.006270885467529297,0.0,157.0,318.9342255341799,50072.67340886625,0.0,0.00013333831113808507,4356.0,0,10_random
1.7556309700012207,6838,23,0.07980140772732822,0.01512792805653706,297.30434782608694,13.100703048080776,3894.8959757728844,0.189569689149186,0.8788680951136023,192537.7769376181,0,10_random
381.68674302101135,9878,111,3.469879482009194,21.582316354363833,88.990990990991,0.2908143969618814,25.879861380085263,6.219903736214734,1.1679878138707236,3023.6665855044225,0,10_random
30.06945300102234,13335,73,0.4176312916808658,1.081681669974547,182.67123287671234,2.427712935034703,443.473314913531,2.590039806694172,0.6119409652085901,119196.330268343,0,10_random
360.23824191093445,3887,52,7.063494939430087,158.3182119447196,74.75,0.144348916772852,10.790081528770687,22.413580430411322,0.5455974413789687,431.6875,0,10_random
371.3757119178772,8148,84,4.4744061676852676,40.49529932881207,97.0,0.2261860356085296,21.94004545402737,9.05042989196517,0.6308027646639434,972.6666666666666,0,10_random
0.006617069244384766,164,2,0.006617069244384766,0.0,82.0,302.24861281256756,24784.38625063054,0.0,0.00013333831113808507,64.0,0,10_random
5.773560047149658,6966,20,0.3038715814289294,1.428810511471688,348.3,3.4640672023275787,1206.5346065706956,4.7020208495734686,0.2061995777968542,248842.51,0,10_random
0.020374059677124023,314,2,0.020374059677124023,0.0,157.0,98.1640395529811,15411.754209818033,0.0,0.00013333831113808507,4225.0,0,10_random
0.9344758987426758,9083,20,0.0491829420390882,0.006243499771876122,454.15,21.40237113328414,9719.886850180994,0.12694441432385425,0.9430511726459175,311200.0274999999,0,10_random
360.15344882011414,69008,190,1.9055738032810272,33.89827962621512,363.2,0.5275529100788906,191.60721694065307,17.78901429472261,0.3144930465966967,834.56,0,10_random
0.005633831024169922,174,2,0.005633831024169922,0.0,87.0,354.99822259839186,30884.845366060094,0.0,0.00013333831113808507,256.0,0,10_random
1.7974629402160645,6944,18,0.10573311413035673,0.10983481945609018,385.77777777777777,10.014114670890686,3863.2229041480514,1.038793005951537,0.4437646310256038,283882.6172839506,0,10_random
6.213032960891724,6966,20,0.3270017347837749,1.6398561213103267,348.3,3.219039738866846,1121.1915410473223,5.0148239194958935,0.2061995777968542,248849.01000000007,0,10_random
0.006008148193359375,156,2,0.006008148193359375,0.0,78.0,332.88126984126984,25964.73904761905,0.0,0.00013333831113808507,64.0,0,10_random
1.8010749816894531,8243,34,0.054578029748165245,0.006884154865705793,242.44117647058823,18.87761494977136,4576.711177381333,0.12613417702087748,1.4124614965047408,125248.12889273356,0,10_random
330.2498300075531,1255,19,18.347212778197395,462.5506608781155,66.05263157894737,0.057532202210567235,3.800153356540099,25.210949830362235,0.8544216382436296,328.26038781163436,0,10_random
13.659258842468262,13698,42,0.33315265469434785,2.5058167511807237,326.14285714285717,3.0748374040190964,1002.8362561965139,7.521527191430291,0.22872403486129728,148850.3605442177,0,10_random
39.168747901916504,110576,163,0.24178239445627472,2.030619886670555,678.3803680981595,4.161480995210074,2823.067009364105,8.398543207569166,0.18740813626937075,329261.65900109155,0,10_random
0.007754087448120117,202,2,0.007754087448120117,0.0,101.0,257.9284813824063,26050.776619623037,0.0,0.00013333831113808507,576.0,0,10_random
7.260806083679199,30680,42,0.17709283130924877,0.886352631656597,730.4761904761905,5.784481711253434,4225.426164315604,5.005017002121343,0.22872403486129722,475437.39229024947,0,10_random
205.60872197151184,97657,134,1.545930240387307,50.96205077631146,728.7835820895523,0.6517233253293914,474.96525956486846,32.96529781547178,0.2734052343566322,320132.57256627304,0,10_random
75.16999006271362,3736,17,4.698124378919601,130.34616822449283,219.76470588235293,0.22615408071515053,49.70068503245896,27.74429915252004,0.6019316065479683,113346.65051903113,0,10_random
59.536306858062744,7166,75,0.8045446872711182,0.09897315363339909,95.54666666666667,1.2597355119591713,120.36352904932563,0.12301759641108262,1.6107769349646897,28.434488888888882,0,10_random
0.042324066162109375,162,3,0.021162033081054688,0.0004442364575538704,54.0,70.88165840468679,3827.609553853087,0.020992144556827727,0.6932064423178683,0.0,0,10_random
0.041723012924194336,162,3,0.020861506462097168,0.00043233236000617126,54.0,71.90276515865806,3882.749318567535,0.020723928101341427,0.6932064423178683,0.0,0,10_random
202.50388193130493,845,14,15.577221687023457,419.37518303626825,60.357142857142854,0.06913447715905613,4.1727595142430305,26.922335154646166,0.8587499364551616,52.51530612244898,0,10_random
2.5886940956115723,30625,41,0.0647173523902893,0.07893036648583732,746.9512195121952,15.838101562291335,11830.289276711515,1.2196167421966515,0.23317596807444074,475622.33908387873,0,10_random
5.816053867340088,6912,19,0.323114103741116,1.3287308741396915,363.7894736842105,3.2668198117445315,1188.4346599356948,4.112265168110059,0.42585542596915094,257172.79778393364,0,10_random
0.009158134460449219,349,2,0.009158134460449219,0.0,174.5,218.38508799333542,38108.19785483703,0.0,0.00013333831113808507,6806.25,0,10_random
0.00876617431640625,278,2,0.00876617431640625,0.0,139.0,228.1496953872933,31712.807658833768,0.0,0.00013333831113808507,2209.0,0,10_random
30.389644145965576,13846,34,0.9208983074535023,7.0705889778054285,407.2352941176471,1.1188021760535727,455.61573322464017,7.677925912750616,0.6271765947842047,307040.4152249135,0,10_random
39.39852595329285,9277,23,1.7908420887860386,17.938594299275504,403.3478260869565,0.5837781856932063,235.4656621163424,10.016848728095045,0.8387320835501746,317162.4877126654,0,10_random
30.0475070476532,13964,80,0.38034819047662277,1.0465647397710833,174.55,2.662450494582653,464.730733829402,2.7515964739035823,0.5660171601343972,109964.57250000001,0,10_random
1.1673688888549805,20427,29,0.041691746030535014,0.009536396662203782,704.3793103448276,24.842190225272144,17498.32481833221,0.22873584270659544,0.5585824570379537,414486.3043995244,0,10_random
39.14635896682739,24416,40,1.0037527940212152,34.93225660507991,610.4,1.0218063967046331,623.710624548508,34.80165316913836,0.11925078100157105,343333.08999999997,0,10_random
198.973130941391,845,14,15.305625457030077,416.45331390260526,60.357142857142854,0.070361258998954,4.246804561008295,27.20916666044005,0.8587499364551616,52.51530612244898,0,10_random
0.0221560001373291,208,2,0.0221560001373291,0.0,104.0,90.26900106532945,9387.976110794263,0.0,0.00013333831113808507,256.0,0,10_random
3.271247148513794,13885,25,0.13630196452140808,0.26856646710960924,555.4,7.6423452172845145,4244.558533679819,1.9703785492205963,0.3446036211042647,401696.0,0,10_random
21.708345890045166,7104,23,0.986742995002053,4.843154289166993,308.8695652173913,1.0595003468480364,327.2474114786283,4.90822262098442,0.8387320835501746,226716.46124763714,0,10_random
3.209569215774536,6966,20,0.16892469556708084,0.32065848687842297,348.3,6.2313658486326124,2170.384725078739,1.898233326997993,0.40946526212137,248849.01000000007,0,10_random
7.378551006317139,6944,18,0.4340324121363023,2.5222837505008653,385.77777777777777,2.4395033638161907,941.1061865744239,5.811279710854347,0.22372641996979803,283882.6172839506,0,10_random
0.005883932113647461,307,2,0.005883932113647461,0.0,153.5,339.9087483285384,52175.99286843065,0.0,0.00013333831113808507,3782.25,0,10_random
23.984778881072998,378,7,3.9974631468454995,16.764143509822187,54.0,0.29185176293302745,15.759995198383482,4.193695574917608,1.2424688727879487,0.0,0,10_random
6.745870113372803,30733,43,0.16061595508030482,0.7372998465082128,714.7209302325581,6.374270372439893,4555.824450144075,4.5904520888947635,0.22445430845694614,474792.6663061114,0,10_random
4.518822908401489,6966,20,0.23783278465270996,0.7798273380270937,348.3,4.425931355445593,1541.5518911017,3.2788891538473943,0.2061995777968542,248872.71000000005,0,10_random
6.8671300411224365,6965,20,0.3614278969011809,1.881594839980646,348.25,2.9124248237959662,1014.2519448869454,5.206003344271731,0.2061995777968542,248862.1875,0,10_random
30.037008047103882,12359,76,0.40049344062805176,1.1833270106922629,162.6184210526316,2.5302120597636484,411.4590900870912,2.9546726379252943,0.5681645369694193,98573.70966066481,0,10_random
6.167946100234985,13994,27,0.23722869616288406,1.1535364955564074,518.2962962962963,4.377470159632452,2268.8265708850568,4.862550417443493,0.16302925472063046,389340.65294924553,0,10_random
6.211193084716797,30627,41,0.15527982711791993,0.717529262947898,747.0,6.600986226122034,4930.936710913159,4.620878811276652,0.1169106136428298,475570.9268292683,0,10_random
0.00711512565612793,174,2,0.00711512565612793,0.0,87.0,281.0913111952552,24454.9440739872,0.0,0.00013333831113808507,256.0,0,10_random
3.8950791358947754,6945,18,0.22912230211145737,0.6810831199152896,385.8333333333333,4.62121548035379,1783.018972836504,2.9725745317624046,0.22372641996979803,283963.47222222225,0,10_random
0.006464958190917969,415,2,0.006464958190917969,0.0,207.5,309.3600826080543,64192.21714117126,0.0,0.00013333831113808507,18360.25,0,10_random
2.395724058151245,63543,69,0.035231236149283016,0.051883706267071915,920.9130434782609,28.80131364262651,26523.505402803134,1.4726621015291226,0.20889994109935323,468549.8185255199,0,10_random
4.9146568775177,13776,23,0.22339349443262274,0.8683238787523038,598.9565217391304,4.6798790990301775,2803.044107314771,3.8869703030416454,0.18491396920634925,421382.2155009452,0,10_random
7.301003932952881,13778,23,0.33186381513422186,2.0505215043419156,599.0434782608696,3.15025169294734,1887.1377315403674,6.178804108283348,0.18491396920634925,420961.5198487712,0,10_random
59.59371209144592,7370,77,0.7841277906769201,0.10346154615738003,95.71428571428571,1.2920826257952234,123.67076561182853,0.1319447510820449,1.7370193098480549,28.749536178107597,0,10_random
30.247650861740112,15174,78,0.3928266345680534,1.2127967190028905,194.53846153846155,2.578712652977004,501.65879225991097,3.087358677540958,0.5566810209109209,127469.94082840238,0,10_random
0.039156198501586914,238,2,0.039156198501586914,0.0,119.0,51.07748138315686,6078.220284595666,0.0,0.00013333831113808507,2304.0,0,10_random
0.005525112152099609,238,2,0.005525112152099609,0.0,119.0,361.9836023129369,43076.04867523949,0.0,0.00013333831113808507,2304.0,0,10_random
39.800344944000244,6987,23,1.8091065883636475,16.712948620891325,303.7826086956522,0.5778844387494979,175.55124232794532,9.238233240866329,0.8387320835501746,222772.34404536846,0,10_random
5.873439073562622,13724,22,0.27968757493155344,1.2988859522860257,623.8181818181819,3.7456760382559944,2336.6208158647846,4.644060261182126,0.1914509419133842,425869.8760330578,0,10_random
0.04468703269958496,121,2,0.04468703269958496,0.0,60.5,44.755712768965644,2707.7206225224218,0.0,0.00013333831113808507,30.25,0,10_random
0.0053958892822265625,222,2,0.0053958892822265625,0.0,111.0,370.6525273948392,41142.43054082715,0.0,0.00013333831113808507,1681.0,0,10_random
0.008274078369140625,172,2,0.008274078369140625,0.0,86.0,241.71876440756108,20787.813739050252,0.0,0.00013333831113808507,256.0,0,10_random
22.02045702934265,11457,31,0.7340152343114217,15.232010127640898,369.5806451612903,1.407781862051816,520.2889288234728,20.751626690595895,0.14614966958412734,178389.4693028096,0,10_random
5.934174060821533,13887,25,0.24725725253423056,1.173074475498557,555.48,4.212886198444097,2340.174025511727,4.744348096871922,0.17321126662490413,406194.64960000006,0,10_random
0.006543159484863281,316,2,0.006543159484863281,0.0,158.0,305.66273138026526,48294.711558081915,0.0,0.00013333831113808507,3600.0,0,10_random
1.2594079971313477,21202,34,0.03816387870094993,0.008242672111265786,623.5882352941177,26.996811261675695,16834.89389323671,0.2159809849479639,0.5011507497773514,420615.3010380623,0,10_random
5.2935168743133545,6854,20,0.2786061512796502,0.6563658080324923,342.7,3.778206525995875,1294.7913764587863,2.3558913003814723,0.2061995777968542,244588.11000000004,0,10_random
0.006513118743896484,512,2,0.006513118743896484,0.0,256.0,307.07255289552677,78610.57354125485,0.0,0.00013333831113808507,33124.0,0,10_random
0.006060123443603516,289,2,0.006060123443603516,0.0,144.5,330.0262805885593,47688.797545046815,0.0,0.00013333831113808507,4290.25,0,10_random
0.05462193489074707,162,3,0.027310967445373535,0.0007412600001686087,54.0,54.92299029685597,2965.8414760302226,0.0271414771978053,0.6932064423178683,0.0,0,10_random
0.007436990737915039,380,2,0.007436990737915039,0.0,190.0,268.9259769820152,51095.93562658289,0.0,0.00013333831113808507,12100.0,0,10_random
0.038925886154174805,162,3,0.019462943077087402,0.0003772949168165951,54.0,77.06953640355981,4161.75496579223,0.019385296217649766,0.6932064423178683,0.0,0,10_random
0.03877711296081543,162,3,0.019388556480407715,0.00037247557726516334,54.0,77.36522321895194,4177.722053823405,0.01921110411915156,0.6932064423178683,0.0,0,10_random
0.0060329437255859375,222,2,0.0060329437255859375,0.0,111.0,331.513120455264,36797.9563705343,0.0,0.00013333831113808507,1681.0,0,10_random
0.005677938461303711,172,2,0.005677938461303711,0.0,86.0,352.24052068024355,30292.684778500945,0.0,0.00013333831113808507,256.0,0,10_random
4.326738119125366,23441,77,0.05693076472533377,0.06489282527800562,304.42857142857144,17.796316273369754,5417.707139792992,1.1398551484612114,0.20963579567772506,150288.73840445268,0,10_random
127.4737319946289,11051,37,3.540936999850803,138.25701219122647,298.6756756756757,0.2902558779840147,86.69237047571207,39.04531828638914,0.33988249583862307,202236.54346238132,0,10_random
6.90221095085144,6946,18,0.4060124088736141,2.2712204709261634,385.8888888888889,2.607860021690523,1006.3442061479094,5.593968118430493,0.22372641996979803,283844.43209876545,0,10_random
126.17197585105896,11187,38,3.410053401379972,131.72932409040487,294.39473684210526,0.3011762298535889,88.66469693084471,38.62969536990153,0.333014671293679,199325.60734072025,0,10_random
126.05737209320068,10235,32,4.066366841716151,148.28409111564366,319.84375,0.2538526661998059,81.19318870484416,36.465989638323556,0.37953912647476695,216626.5068359375,0,10_random
0.1869831085205078,17120,28,0.006925300315574363,0.0001983709939725328,611.4285714285714,149.74614670570114,91559.07255720012,0.02864438868108213,1.0254340374665465,331762.6020408164,0,10_random
120.71454906463623,13104,40,3.0952448478111854,117.40417446856603,327.6,0.3313602238499199,108.55360933323377,37.930496694498615,0.3201554081919754,240920.99000000005,0,10_random
122.05370998382568,10715,31,4.068456999460856,152.14403585536823,345.64516129032256,0.25398654415427485,87.78922001977597,37.396004400570064,0.38873871836017587,260374.09989594176,0,10_random
0.006592988967895508,164,2,0.006592988967895508,0.0,82.0,303.3525476440169,24874.90890680939,0.0,0.00013333831113808507,64.0,0,10_random
5.7757298946380615,6966,20,0.30398578392831904,1.345218286719307,348.3,3.4627658087971076,1206.0813312040325,4.425267094189228,0.2061995777968542,248849.01000000007,0,10_random
0.15529799461364746,162,3,0.07764899730682373,0.00601881901060608,54.0,19.317699545724608,1043.1557754691287,0.07751315817798914,0.6932064423178683,0.0,0,10_random
3.5806150436401367,30570,40,0.09181064214461888,0.20141213178874795,764.25,11.171265135314593,8537.639379664179,2.1937776175390025,0.2378224560581555,475232.3375,0,10_random
30.171623945236206,12302,74,0.4133099170580302,1.284072523520867,166.24324324324326,2.4526356332133674,407.73410215933575,3.1068030805091436,0.5421973444203583,100806.37326515702,0,10_random
5.509208917617798,30626,41,0.13773022294044496,0.5613316585422691,746.9756097560976,7.442084809833015,5559.055838681607,4.075588106649555,0.1169106136428298,475593.5847709697,0,10_random
0.006114959716796875,301,2,0.006114959716796875,0.0,150.5,327.0667498440424,49223.54585152838,0.0,0.00013333831113808507,3660.25,0,10_random
0.25510191917419434,162,3,0.12755095958709717,0.016246021950237832,54.0,11.760005607607654,635.0403028108134,0.12736887282407597,0.6932064423178683,0.0,0,10_random
56.81022810935974,6983,23,2.5822830958799883,37.612514171281035,303.60869565217394,0.40485667397295044,122.9180067110049,14.565604457269421,0.726197143972107,222771.54253308135,0,10_random
0.006555795669555664,164,2,0.006555795669555664,0.0,82.0,305.0735716623632,25016.03287631378,0.0,0.00013333831113808507,64.0,0,10_random
4.8220789432525635,6964,20,0.2537936285922402,0.9451861036357548,348.2,4.14758867189132,1444.1903755525577,3.724231017455314,0.2061995777968542,248868.75999999995,0,10_random
4.018221139907837,31359,51,0.08036442279815674,0.21467485005871975,614.8823529411765,12.692183487235784,7804.199646592686,2.671267242196177,0.09804216872119226,453860.4175317187,0,10_random
5.653604030609131,6966,20,0.2975581068741648,1.3537927840507782,348.3,3.5375664605653605,1232.134398214915,4.549675350042765,0.2061995777968542,248872.71000000005,0,10_random
0.023874998092651367,238,2,0.023874998092651367,0.0,119.0,83.76964020012183,9968.587183814498,0.0,0.00013333831113808507,2304.0,0,10_random
5.588062047958374,6856,20,0.2941085288399144,0.7897598533297355,342.8,3.579058326187895,1226.9011942172106,2.685266749811285,0.2061995777968542,244580.8600000001,0,10_random
60.037086963653564,7370,77,0.789961670574389,0.09140278520225689,95.71428571428571,1.2825405744055467,122.75745497881661,0.1157053419260165,1.6184392357524797,28.749536178107597,0,10_random
3.2191169261932373,15495,29,0.11496846164975848,0.250342449276689,534.3103448275862,9.008681779786706,4813.4318681998275,2.1774880317989793,0.15408135400961614,398347.455410226,0,10_random
4.073486089706421,6944,18,0.23961682880626006,0.7360989254749166,385.77777777777777,4.418819557402066,1704.6823892555526,3.0719834209561405,0.22372641996979803,283782.7283950617,0,10_random
30.16896891593933,14686,72,0.42491505515407507,1.322208474242859,203.97222222222223,2.386558194965684,486.79157848980606,3.111700699245461,0.5806035371230969,136998.3047839506,0,10_random
5.6260809898376465,13941,26,0.22504323959350586,1.0024522945885939,536.1923076923077,4.621334112851136,2477.923802586834,4.454487486046312,0.16794998194579472,395682.15532544383,0,10_random
25.134719848632812,7160,22,1.1968914213634672,6.006278189009428,325.45454545454544,0.8752832787669474,284.8649216350611,5.018231463441549,0.8660642700778407,248642.61157024794,0,10_random
4.925668001174927,13939,26,0.19702672004699706,0.7098518020559073,536.1153846153846,5.278471873012591,2829.8699783816346,3.6028199722686614,0.33422632299641053,395909.7943786983,0,10_random
4.171545028686523,6945,18,0.24538500168744257,0.6817885791058267,385.8333333333333,4.314948029140077,1664.850781243213,2.778444380941628,0.4437646310256038,283863.47222222225,0,10_random
5.229429006576538,6946,18,0.30761347097509045,1.142039623191121,385.8888888888889,3.4420583924866697,1328.252088567356,3.712580010137461,0.4437646310256038,283944.3209876543,0,10_random
0.006012916564941406,383,2,0.006012916564941406,0.0,191.5,332.6172878667724,63696.210626486914,0.0,0.00013333831113808507,14280.25,0,10_random
5.556253910064697,64738,79,0.07123402448800895,0.28386300903671724,819.4683544303797,14.218212716466754,11651.37537770411,3.9849357252656814,0.06859523154448227,481496.502163115,0,10_random
41.920881032943726,6902,22,1.9962324301401775,16.609223655781506,313.72727272727275,0.52479813061923,164.64348625154204,8.320285456245788,0.932077583345585,236960.56198347118,0,10_random
0.16341590881347656,9245,20,0.00860083730597245,0.00025031369352368065,462.25,122.38710505736663,56573.43931276772,0.029103409891251167,0.8539502652583872,229725.4875,0,10_random
30.014759063720703,12300,75,0.4056048522124419,1.2855075377544158,164.0,2.4987706828089666,409.79839198067054,3.1693593672323996,0.5366355243775038,99741.33333333333,0,10_random
0.006918907165527344,222,2,0.006918907165527344,0.0,111.0,289.0629910406616,32085.99200551344,0.0,0.00013333831113808507,1600.0,0,10_random
0.0061070919036865234,271,2,0.0061070919036865234,0.0,135.5,327.48811243412064,44374.63923482334,0.0,0.00013333831113808507,4160.25,0,10_random
5.541504144668579,24666,35,0.1629854160196641,0.30727966528818285,704.7428571428571,6.3159747040292515,4451.138058559586,1.8853200046506597,0.39537562549514826,312135.8481632653,0,10_random
0.009156942367553711,371,2,0.009156942367553711,0.0,185.5,218.4135183690473,40515.707657458275,0.0,0.00013333831113808507,8742.25,0,10_random
0.008686065673828125,310,2,0.008686065673828125,0.0,155.0,230.25384277558192,35689.3456302152,0.0,0.00013333831113808507,3969.0,0,10_random
45.51947593688965,28236,53,0.8753745372478778,24.03325012603464,532.7547169811321,1.1643367791290415,620.3059112356153,27.454819741037543,0.18968577897994537,384687.16625133494,0,10_random
45.268616914749146,12707,22,2.155648424511864,87.27445549112934,577.5909090909091,0.4859878984469723,280.70219207116713,40.486405157136055,0.1914509419133842,407390.2417355372,0,10_random
6.834173917770386,30626,41,0.17085434794425963,0.791571366268023,746.9756097560976,5.999262016641222,4481.3024029671715,4.633018566939071,0.23317596807444074,475593.5847709697,0,10_random
0.00802302360534668,238,2,0.00802302360534668,0.0,119.0,249.28257704080116,29664.62666785534,0.0,0.00013333831113808507,2304.0,0,10_random
42.49220514297485,7041,24,1.8474871801293415,15.869195431694138,293.375,0.5648094731550516,165.70097918686326,8.589610581537645,0.8734675789641724,215981.484375,0,10_random
4.641832113265991,6825,20,0.24430695332978902,0.2990156050541863,341.25,4.308643551075786,1470.324611804612,1.2239340754683568,0.8092118302904903,252396.1875,0,10_random
0.013566970825195312,316,2,0.013566970825195312,0.0,158.0,147.41684240123718,23291.86109939547,0.0,0.00013333831113808507,3600.0,0,10_random
1.4772629737854004,12787,25,0.061552623907725014,0.014575804601065162,511.48,16.92318865607181,8655.872533807611,0.2368023274347507,0.709717666314942,360102.0096,0,10_random
7.77032208442688,13885,25,0.3237634201844533,1.886182733597873,555.4,3.2173698500998418,1786.9272147454521,5.82580556050243,0.17321126662490413,409599.76,0,10_random
59.70331907272339,7064,74,0.8178536859277177,0.09436613368568066,95.45945945945945,1.2394620793169324,118.31838011209203,0.1153826598930567,1.5600278432391037,28.24835646457267,0,10_random
4.070745944976807,6825,20,0.21424978657772667,0.23362943546189635,341.25,4.91310444580298,1676.5968921302667,1.0904535271363691,0.8092118302904903,252396.1875,0,10_random
6.956967115402222,14225,30,0.2398954177724904,1.3248243472536863,474.1666666666667,4.312223919181991,2044.7128416787941,5.52250793097728,0.15000000515660156,367712.80555555545,0,10_random
16.725559949874878,11600,33,0.5226737484335899,8.176165279884227,351.5151515151515,1.9730281137910046,693.5492763628986,15.642961415964585,0.1390654346048346,172642.18916437097,0,10_random
0.3522069454193115,28182,37,0.009783526261647543,0.0010415455169751435,761.6756756756756,105.05187498773068,80015.45786227638,0.10645911189078237,0.5951582466459585,338855.7326515706,0,10_random
0.007740974426269531,202,2,0.007740974426269531,0.0,101.0,258.3654059381545,26094.905999753602,0.0,0.00013333831113808507,576.0,0,10_random
5.850159168243408,30626,41,0.1462539792060852,0.587473761244796,746.9756097560976,7.008356323458943,5235.071238103746,4.016805316571879,0.23317596807444074,475593.5847709697,0,10_random
6.989069938659668,30679,42,0.17046512045511386,0.8887395621267857,730.452380952381,6.009383275402531,4389.568321573196,5.213615311765816,0.11466896084282768,475458.67630385485,0,10_random
0.0055348873138427734,156,2,0.0055348873138427734,0.0,78.0,361.3443032522076,28184.855653672195,0.0,0.00013333831113808507,64.0,0,10_random
20.998461961746216,8525,37,0.583290610048506,3.0944596783066323,230.40540540540542,1.7620338131147157,405.9821150487284,5.305176570645118,0.5028676198099488,116682.72753834914,0,10_random
0.007752895355224609,314,2,0.007752895355224609,0.0,157.0,257.9681407220616,40500.998093363676,0.0,0.00013333831113808507,4356.0,0,10_random
1.4800879955291748,6838,23,0.06727672706950795,0.010878612355691477,297.30434782608694,15.539616610279193,4619.995581786484,0.16169948850888774,0.7559884864221376,192537.7769376181,0,10_random
1.14811110496521,10201,20,0.06042690026132684,0.012590855165570264,510.05,17.41991686475852,8885.028596870083,0.2083650677284269,0.5146604668777449,307188.7475,0,10_random
150.55415606498718,7257,19,8.364119781388176,279.1845145781226,381.94736842105266,0.12620043508993925,48.20192407619417,33.378827883283485,0.6546763605207417,268901.94459833787,0,10_random
6.965237140655518,6944,18,0.40971983180326577,2.3855478017101457,385.77777777777777,2.5842623354394463,996.9509809606398,5.8223879259415705,0.22372641996979803,283882.6172839506,0,10_random
23.174428939819336,30818,45,0.5266915668140758,2.8218414043017357,684.8444444444444,1.9417954210159196,1329.8278063304135,5.357673412868326,0.5369438128246522,472870.4869135801,0,10_random
0.005879878997802734,316,2,0.005879878997802734,0.0,158.0,340.1430540913146,53742.602546427705,0.0,0.00013333831113808507,3600.0,0,10_random
1.1451539993286133,12843,26,0.04580615997314453,0.00929061179446071,493.96153846153845,22.704369905919563,11215.085488527882,0.20282450657089915,0.6004879286629288,354120.03698224854,0,10_random
2.0256459712982178,30680,42,0.04940599929995653,0.04570918322671717,730.4761904761905,20.734126592260633,15145.785805965626,0.9251747535598858,0.22872403486129722,475434.34467120183,0,10_random
0.007246971130371094,240,2,0.007246971130371094,0.0,120.0,275.97736544282145,33117.28385313857,0.0,0.00013333831113808507,1681.0,0,10_random
4.262108087539673,9966,25,0.1775878369808197,0.6196954379892873,398.64,5.865641951476505,2338.279507536594,3.4895150958802277,0.17321126662490413,273583.7504,0,10_random
0.2717618942260742,5790,21,0.01358809471130371,0.0004022873032590724,275.7142857142857,77.27352673855904,21305.415229345563,0.029605865414259754,0.9142908453002179,147836.68027210882,0,10_random
4.587764024734497,6944,18,0.2698684720432057,0.9712562612798583,385.77777777777777,3.9234799137345986,1513.5913622762807,3.5989986304304606,0.22372641996979803,283782.7283950617,0,10_random
0.32826805114746094,5683,20,0.017277265849866365,0.000730733273963436,284.15,60.92581940304578,17312.07158337546,0.04229449730722805,0.9430511726459175,149997.92749999996,0,10_random
2.842270851135254,6943,18,0.16719240300795613,0.29565688266668616,385.72222222222223,6.332964359399625,2442.765085961755,1.7683631393982466,0.22372641996979803,283801.8672839507,0,10_random
23.173293828964233,9791,27,0.8912805318832397,4.561914331079791,362.6296296296296,1.1651343222624992,422.51222775081965,5.118382111904374,0.7457438422560398,251468.52949245542,0,10_random
0.006536960601806641,405,2,0.006536960601806641,0.0,202.5,305.9525858924794,61955.398643227076,0.0,0.00013333831113808507,15252.25,0,10_random
0.006023883819580078,365,2,0.006023883819580078,0.0,182.5,332.01171534868996,60592.13805113592,0.0,0.00013333831113808507,10712.25,0,10_random
90.22661209106445,78712,96,0.949753811484889,41.59629553692311,819.9166666666666,1.0639876392910392,872.3811985820446,43.79692403854588,0.10210963467041377,501696.24305555556,0,10_random
3.5902678966522217,6943,18,0.21119222921483657,0.5544505119289427,385.72222222222223,5.01355345008774,1933.8389779977322,2.6253357615962494,0.22372641996979803,283801.8672839507,0,10_random
6.507537126541138,14226,30,0.2243978319496944,1.2153190665409397,474.2,4.610039008097905,2186.080497640027,5.415912693904237,0.15000000515660156,367776.95999999985,0,10_random
4.279726028442383,9914,24,0.1860750447148862,0.666526280008025,413.0833333333333,5.607835604545663,2316.503424311071,3.5820293958779432,0.17885121704178897,279768.49305555556,0,10_random
6.323770999908447,30627,41,0.15809427499771117,0.7775235575111793,747.0,6.483473231493294,4843.154503925491,4.918100655589432,0.1169106136428298,475570.9268292683,0,10_random
2.4186670780181885,13778,23,0.10993941263719038,0.1745583651418169,599.0434782608696,9.509369937282058,5696.526043298792,1.5877687623989287,0.3676552931598914,417777.8676748582,0,10_random
5.067223072052002,30626,41,0.12668057680130004,0.4776752006306837,746.9756097560976,8.091216711206837,6043.941536522453,3.770705917923967,0.1169106136428298,475596.60916121356,0,10_random
59.76041007041931,7268,76,0.7968054676055908,0.10419270979112395,95.63157894736842,1.2717449547358293,121.61897803973693,0.13076304572083847,1.452978003041391,28.60110803324099,0,10_random
0.005979061126708984,367,2,0.005979061126708984,0.0,183.5,334.5006778849988,61380.87439189728,0.0,0.00013333831113808507,12432.25,0,10_random
3.122307062149048,76986,90,0.035082101821899414,0.0728103778594201,855.4,28.824839520445515,24656.767725789094,2.0754280410294417,0.061608489315783985,479739.2177777777,0,10_random
0.00592494010925293,238,2,0.00592494010925293,0.0,119.0,337.55615468190416,40169.182407146596,0.0,0.00013333831113808507,2304.0,0,10_random
5.202962160110474,6854,20,0.2738401136900249,0.6349671838083016,342.7,3.843964146680502,1317.326513067408,2.31875153443391,0.2061995777968542,244588.11000000004,0,10_random
4.657180070877075,6906,21,0.23285900354385375,0.41651594117622304,328.85714285714283,4.509166422685718,1482.871586431789,1.7887044728239663,0.394404033021744,236725.45578231296,0,10_random
0.0058100223541259766,164,2,0.0058100223541259766,0.0,82.0,344.2327547293693,28227.08588780828,0.0,0.00013333831113808507,64.0,0,10_random
5.456457138061523,6967,20,0.28718195463481705,1.2687202058457288,348.35,3.6653820407549755,1276.8358338969958,4.417827044387395,0.2061995777968542,248859.52750000008,0,10_random
0.005614042282104492,349,2,0.005614042282104492,0.0,174.5,356.24954346625896,62165.54533486219,0.0,0.00013333831113808507,6806.25,0,10_random
0.005464076995849609,278,2,0.005464076995849609,0.0,139.0,366.0270529714635,50877.76036303343,0.0,0.00013333831113808507,2209.0,0,10_random
91.71852278709412,12482,30,3.1627076823135902,129.5863163291403,416.06666666666666,0.3270876927405263,136.09028602624164,40.973219578214405,0.2509598284425124,297833.8622222222,0,10_random
93.57000398635864,9614,27,3.59884630716764,88.30891310026503,356.0740740740741,0.28855401143229903,102.74660244111567,24.538117375111195,0.7457438422560401,285990.51303155004,0,10_random
3.498924970626831,30736,43,0.08330773739587694,0.18141384242913644,714.7906976744187,12.28948901762148,8784.412428967764,2.1776349724523305,0.11251953083425689,474729.51433207147,0,10_random
53.27044415473938,6900,22,2.5366878168923512,33.46289120559433,313.6363636363636,0.41298698272713197,129.52773549169137,13.19156854176447,0.8660642700778407,236941.14049586785,0,10_random
0.00628209114074707,367,2,0.00628209114074707,0.0,183.5,318.3653269573798,58420.03749667919,0.0,0.00013333831113808507,12432.25,0,10_random
4.868575096130371,47679,64,0.07727896977984716,0.2977558302797301,744.984375,13.145530003402499,9793.21445362856,3.8529994787453674,0.08151287147682208,476095.7653808594,0,10_random
0.006551980972290039,324,2,0.006551980972290039,0.0,162.0,305.2511917324697,49450.693060660094,0.0,0.00013333831113808507,6241.0,0,10_random
84.82382392883301,1541,19,4.712434662712945,56.05713724270677,81.10526315789474,0.22399367441794366,18.167065909371114,11.89557866685301,1.050670214984499,5814.831024930748,0,10_random
0.0055751800537109375,406,2,0.0055751800537109375,0.0,203.0,358.7328087581252,72822.76017789941,0.0,0.00013333831113808507,15876.0,0,10_random
79.13958406448364,1589,20,4.165241266551771,52.39221285243425,79.45,0.2527180327824799,20.078447704568028,12.578434116928735,1.0160132520740737,5262.9475,0,10_random
0.007003068923950195,406,2,0.007003068923950195,0.0,203.0,285.5890784053382,57974.58291628366,0.0,0.00013333831113808507,15876.0,0,10_random
79.04208207130432,1512,18,4.6495342394884895,56.122688700555074,84.0,0.22772679474412244,19.129050758506285,12.070604454077387,1.087766471628497,6581.444444444444,0,10_random
3.582973003387451,30680,42,0.08738958544847442,0.19978168518485587,730.4761904761905,11.722108974946764,8562.721508365874,2.2861040495797833,0.11466896084282768,475434.34467120183,0,10_random
5.676508903503418,64059,92,0.06237921871981778,0.2858538635327531,696.2934782608696,16.207144490378514,11284.929009882144,4.582517533871225,0.06050003616680255,463031.0769139887,0,10_random
6.11264705657959,6906,21,0.3056323528289795,0.8106713225738247,328.85714285714283,3.435500169668036,1129.7887700822598,2.6524394916641767,0.19852242093317188,236725.45578231296,0,10_random
2.6116669178009033,7012,19,0.14509260654449463,0.23941048248006463,369.05263157894734,7.275047162598565,2684.8753002179546,1.6500529433017397,0.42585542596915094,274007.52354570647,0,10_random
0.006657838821411133,367,2,0.006657838821411133,0.0,183.5,300.39777976723366,55122.99258728738,0.0,0.00013333831113808507,12432.25,0,10_random
25.84764790534973,62731,76,0.3446353054046631,2.0688642468247704,825.4078947368421,2.940306223541143,2426.951969854729,6.003053704540097,0.35222714983897246,477709.68888504145,0,10_random
0.005822896957397461,238,2,0.005822896957397461,0.0,119.0,343.4716455799861,40873.125824018345,0.0,0.00013333831113808507,2304.0,0,10_random
6.237632989883423,6773,19,0.3465351661046346,1.0615049817871223,356.4736842105263,3.0460272399506945,1085.8285524308449,3.063195558821312,0.21456706900530836,261122.56509695295,0,10_random
4.778046131134033,6944,18,0.2810615371255314,1.0509059464597272,385.77777777777777,3.767230266512273,1453.3137205922903,3.7390599838296543,0.22372641996979803,283782.7283950617,0,10_random
5.46262001991272,30748,43,0.13006238142649332,0.5138039609631865,715.0697674418604,7.871680593424663,5628.80081131678,3.9504425132609953,0.11251953083425689,474363.9718766901,0,10_random
58.817089796066284,7072,74,0.8057135588502231,0.10696804512727687,95.56756756756756,1.2581377326994025,120.23716277905642,0.13276187790599356,1.6061241330932383,28.78597516435354,0,10_random
0.3095259666442871,12569,19,0.01719588703579373,0.0013450216610304603,661.5263157894736,61.38418758848477,40607.25546314027,0.07821763763804446,0.8548121507903336,390368.1440443213,0,10_random
7.062230110168457,6771,19,0.39234611723158097,1.4476631345218727,356.36842105263156,2.69036829777652,958.7623023286748,3.689760318610199,0.21456706900530836,261108.864265928,0,10_random
0.008455038070678711,164,2,0.008455038070678711,0.0,82.0,236.54535713278628,19396.719284888477,0.0,0.00013333831113808507,64.0,0,10_random
6.115584850311279,6968,20,0.32187288685848836,1.6152422642729003,348.4,3.270333171647845,1139.3840770021093,5.01826133924428,0.2061995777968542,248870.14000000004,0,10_random
0.005733013153076172,415,2,0.005733013153076172,0.0,207.5,348.85669134159525,72387.76345338102,0.0,0.00013333831113808507,18360.25,0,10_random
3.849898099899292,64288,72,0.05422391689999003,0.15053167586913752,892.8888888888889,18.701793692119647,16698.623789985944,2.7761121747581683,0.07402479561434495,473529.29320987663,0,10_random
3.6660521030426025,6967,20,0.19295011068645276,0.5352782151438,348.35,5.455459834681892,1900.4094334114372,2.7741793629423532,0.2061995777968542,248883.32750000007,0,10_random
4.280184984207153,17128,31,0.1426728328069051,0.5044455617588282,552.516129032258,7.242677621266954,4001.6962031309804,3.5356805625465504,0.14614966958412734,340125.54006243503,0,10_random
0.006827831268310547,208,2,0.006827831268310547,0.0,104.0,292.9187792443606,30463.553041413506,0.0,0.00013333831113808507,256.0,0,10_random
4.1238720417022705,13940,26,0.16495488166809083,0.5335063559996476,536.1538461538462,6.304754303013632,3380.31826861577,3.2342562439172116,0.16794998194579472,395612.82248520723,0,10_random
0.005465030670166016,375,2,0.005465030670166016,0.0,187.5,365.96317947823053,68618.09615216822,0.0,0.00013333831113808507,7482.25,0,10_random
1.2921960353851318,7728,18,0.07601153149324305,0.012997803797596333,429.3333333333333,13.929774977707002,5980.516723762205,0.17099778865463008,0.6058055407735236,277419.22222222225,0,10_random
1.366663932800293,7774,19,0.07592577404446071,0.012213057915349835,409.1578947368421,13.902466834746287,5688.304061753559,0.16085523090219794,0.9779310049620951,269414.97506925213,0,10_random
25.44596791267395,30820,45,0.5783174525607716,3.248970411790077,684.8888888888889,1.7684530670804908,1211.193856164905,5.617970540926506,0.5369438128246522,472834.76543209865,0,10_random
0.006027936935424805,368,2,0.006027936935424805,0.0,184.0,331.7884744690108,61049.079302297985,0.0,0.00013333831113808507,8464.0,0,10_random
1.3236589431762695,14383,28,0.0490244053028248,0.009894471886024804,513.6785714285714,21.153485302498563,10866.092110922746,0.20182747398783196,0.7225021089274173,342488.50382653065,0,10_random
