duration,total_bytes,packet_count,interval_mean,interval_variance,bytes_per_packet,packets_per_second,byte_rate,label,attack_type,prediction
0.0088388919830322,465,7,0.0014731486638387,6.847026714101251e-06,66.42857142857143,791.9544682113668,52608.40395975508,1,1_beacon_capture,1
0.0087344646453857,751,6,0.0017468929290771,7.505290227527439e-06,125.16666666666669,686.9339156544288,85981.22844274601,1,1_beacon_capture,1
0.0029592514038085,465,7,0.0004932085673014,3.997746805200425e-07,66.42857142857143,2365.4631002255883,157134.3345149855,1,1_beacon_capture,1
0.0028572082519531,751,6,0.0005714416503906,3.798348961936426e-07,125.16666666666669,2099.951935914553,262843.9839786382,1,1_beacon_capture,1
0.0027697086334228,465,7,0.0004616181055704,3.807117805207681e-07,66.42857142857143,2527.341654471895,167887.69561849014,1,1_beacon_capture,1
0.0026650428771972,751,6,0.0005330085754394,3.890286416208256e-07,125.16666666666669,2251.370907139023,281796.59187690105,1,1_beacon_capture,1
0.0031459331512451,465,7,0.0005243221918741,4.314041919744544e-07,66.42857142857143,2225.0949602122014,147809.87949981054,1,1_beacon_capture,1
0.0030305385589599,751,6,0.0006061077117919,4.390657386466045e-07,125.16666666666669,1979.8461175359923,247810.7390449217,1,1_beacon_capture,1
0.0066010951995849,465,7,0.0011001825332641,2.65228866188257e-06,66.42857142857143,1060.4300935457077,70442.8562141077,1,1_beacon_capture,1
0.0063533782958984,751,6,0.0012706756591796,2.831555630109506e-06,125.16666666666669,944.379465625938,118204.8297808466,1,1_beacon_capture,1
0.0026848316192626,465,7,0.0004474719365437,3.435568945380712e-07,66.42857142857143,2607.2398543646214,173195.21889707842,1,1_beacon_capture,1
0.0025758743286132,751,6,0.0005151748657226,3.4926777971122645e-07,125.16666666666669,2329.306182895224,291551.4905590522,1,1_beacon_capture,1
1.3821606636047363,11826,19,0.0767867035335964,0.0295828799369344,622.421052631579,13.746592925345707,8556.168838691492,1,2_dns_tunneling_capture,0
123.89517211914062,470,6,24.77903442382813,420.93308855584,78.33333333333333,0.048428037165405,3.7935295779567295,1,2_dns_tunneling_capture,1
126.13310265541077,11948,32,4.068809763077767,153.7299201325376,373.375,0.2537002525611566,94.72533180002183,1,2_dns_tunneling_capture,1
140.03093600273132,6288,60,2.373405694961548,23.49075717317865,104.8,0.4284767474440769,44.90436313213925,1,2_dns_tunneling_capture,1
48.30931210517883,12742,135,0.3605172545162599,0.0578547181879849,94.38518518518518,2.794492285588306,263.75867187382363,1,2_dns_tunneling_capture,1
140.56879115104675,4988,58,2.46611914300082,6.298693221220305,86.0,0.412609367449683,35.48440560067274,1,2_dns_tunneling_capture,1
0.4986889362335205,347,2,0.4986889362335205,0.0,173.5,4.010516084646928,695.8245406862419,1,2_dns_tunneling_capture,0
0.4985859394073486,392,2,0.4985859394073486,0.0,196.0,4.011344568555882,786.2235354369528,1,2_dns_tunneling_capture,0
0.3437793254852295,352,2,0.3437793254852295,0.0,176.0,5.817685508507783,1023.9126494973698,1,2_dns_tunneling_capture,0
0.3427987098693847,307,2,0.3427987098693847,0.0,153.5,5.834327675159723,895.5692981370174,1,2_dns_tunneling_capture,0
0.3689422607421875,162,3,0.1844711303710937,0.0340037418229712,54.0,8.13135365399727,439.0930973158526,1,2_dns_tunneling_capture,0
124.2673327922821,1560,16,8.284488852818807,262.5261255104948,97.5,0.1287546746234961,12.55358077579088,1,2_dns_tunneling_capture,1
3.0016040802001958,198,3,1.5008020401000977,0.2498440985621073,66.0,0.9994655923441814,65.96472909471598,1,2_dns_tunneling_capture,0
3.0005550384521484,198,3,1.5002775192260742,0.2497916655831886,66.0,0.999815021406028,65.98779141279785,1,2_dns_tunneling_capture,0
3.0010011196136475,198,3,1.5005005598068235,0.250787997320586,66.0,0.9996664047850218,65.97798271581144,1,2_dns_tunneling_capture,0
77.60651540756226,205627,247,0.3154736398681392,4.127448383736896,832.497975708502,3.182722464767841,2649.610009161202,1,2_dns_tunneling_capture,1
140.56171703338623,5808,68,2.097936075125168,5.973877137758571,85.41176470588235,0.4837732594277333,41.31992780523934,1,2_dns_tunneling_capture,1
140.8415412902832,5225,39,3.706356349744295,31.544994573686644,133.97435897435898,0.2769069384125708,37.09842956937647,1,2_dns_tunneling_capture,1
3.002272605895996,258,3,1.501136302947998,0.2501084922215,86.0,0.9992430381266736,85.93490127889392,1,2_dns_tunneling_capture,0
3.001040458679199,258,3,1.5005202293395996,0.2507250790404782,86.0,0.9996533006823716,85.97018385868395,1,2_dns_tunneling_capture,0
3.0005249977111816,258,3,1.5002624988555908,0.2500395790505081,86.0,0.999825031382314,85.98495269887901,1,2_dns_tunneling_capture,0
138.71903586387634,7759,38,3.749163131456117,33.95942712108833,204.18421052631575,0.2739350065645571,55.93320305090523,1,2_dns_tunneling_capture,1
3.000898122787476,258,3,1.5004490613937378,0.2499326512878639,86.0,0.9997007153356338,85.97426151886451,1,2_dns_tunneling_capture,0
3.0005342960357666,258,3,1.5002671480178833,0.250697025046648,86.0,0.9998219330349024,85.9846862410016,1,2_dns_tunneling_capture,0
3.0013327598571777,258,3,1.5006663799285889,0.2503322273824437,86.0,0.9995559439876166,85.96181118293504,1,2_dns_tunneling_capture,0
3.000746250152588,198,3,1.500373125076294,0.2500803535168074,66.0,0.9997513118103372,65.98358657948225,1,2_dns_tunneling_capture,0
3.0004825592041016,198,3,1.5002412796020508,0.2502122375610724,66.0,0.9998391728015144,65.98938540489995,1,2_dns_tunneling_capture,0
3.000340700149536,198,3,1.500170350074768,0.2502832022207855,66.0,0.9998864461794224,65.99250544784188,1,2_dns_tunneling_capture,0
0.9997150897979736,172,2,0.9997150897979736,0.0,86.0,2.000569982797967,172.04901852062514,1,2_dns_tunneling_capture,0
1.0005505084991455,172,2,1.0005505084991455,0.0,86.0,1.998899588787434,171.90536463571934,1,2_dns_tunneling_capture,0
1.0004308223724363,172,2,1.0004308223724363,0.0,86.0,1.999138726311101,171.92593046275468,1,2_dns_tunneling_capture,0
1.0000004768371582,172,2,1.0000004768371582,0.0,86.0,1.9999990463261383,171.9999179840479,1,2_dns_tunneling_capture,0
1.0007739067077637,172,2,1.0007739067077637,0.0,86.0,1.99845338352134,171.86699098283523,1,2_dns_tunneling_capture,0
1.000612497329712,172,2,1.000612497329712,0.0,86.0,1.998775755187255,171.89471494610393,1,2_dns_tunneling_capture,0
1.0586423873901367,8418,19,0.0588134659661187,0.0061991518632265,443.05263157894734,17.947514879732484,7951.693697767792,1,2_dns_tunneling_capture,0
137.66376566886902,4664,44,3.201482922531837,32.62281680961898,106.0,0.3196193260166648,33.87964855776647,1,2_dns_tunneling_capture,1
1.001133680343628,172,2,1.001133680343628,0.0,86.0,1.9977352068642045,171.8052277903216,1,2_dns_tunneling_capture,0
1.00087571144104,172,2,1.00087571144104,0.0,86.0,1.9982501095170364,171.84950941846512,1,2_dns_tunneling_capture,0
1.0011556148529053,172,2,1.0011556148529053,0.0,86.0,1.997691438102607,171.8014636768242,1,2_dns_tunneling_capture,0
1.0000832080841064,172,2,1.0000832080841064,0.0,86.0,1.9998335976778052,171.98568940029128,1,2_dns_tunneling_capture,0
0.9998314380645752,172,2,0.9998314380645752,0.0,86.0,2.000337180706682,172.02899754077467,1,2_dns_tunneling_capture,0
0.9996614456176758,172,2,0.9996614456176758,0.0,86.0,2.000677338080424,172.05825107491646,1,2_dns_tunneling_capture,0
1.0006954669952393,132,2,1.0006954669952393,0.0,66.0,1.9986100326859129,131.90826215727026,1,2_dns_tunneling_capture,0
1.0003247261047363,132,2,1.0003247261047363,0.0,66.0,1.999350758616153,131.9571500686661,1,2_dns_tunneling_capture,0
1.0001170635223389,132,2,1.0001170635223389,0.0,66.0,1.9997659003598507,131.98454942375014,1,2_dns_tunneling_capture,0
85.23251414299011,2574,18,5.01367730252883,74.12421167114579,143.0,0.2111870121512823,30.19974273763338,1,2_dns_tunneling_capture,1
130.8654384613037,12499,43,3.115843772888184,44.24513392648947,290.6744186046512,0.3285817898567229,95.5103207306786,1,2_dns_tunneling_capture,1
86.43298673629761,3430,22,4.115856511252267,54.880400282666045,155.9090909090909,0.2545324514484361,39.683923112188005,1,2_dns_tunneling_capture,1
0.6867470741271973,13175,25,0.0286144614219665,0.0049433671732082,527.0,36.40350420389206,19184.64671545112,1,2_dns_tunneling_capture,0
0.377357006072998,11930,22,0.0179693812415713,0.0011807259350791,542.2727272727273,58.3002293476544,31614.62436897805,1,2_dns_tunneling_capture,0
1.863309860229492,13120,20,0.0980689400120785,0.0271337682501006,656.0,10.733587808920158,7041.233602651623,1,2_dns_tunneling_capture,0
90.39835929870604,483,6,18.07967185974121,483.1879420166914,80.5,0.066372886040708,5.343017326277,1,2_dns_tunneling_capture,1
0.4848129749298095,13834,25,0.0202005406220753,0.0016931069594931,553.36,51.566276673225296,28534.71485989595,1,2_dns_tunneling_capture,0
0.0631957054138183,392,2,0.0631957054138183,0.0,196.0,31.647720156038964,6202.953150583637,1,2_dns_tunneling_capture,0
0.0629398822784423,392,2,0.0629398822784423,0.0,196.0,31.776354317793544,6228.165446287535,1,2_dns_tunneling_capture,0
0.0627601146697998,347,2,0.0627601146697998,0.0,173.5,31.867373259634928,5528.98926054666,1,2_dns_tunneling_capture,0
104.40671420097352,57353,99,1.065374634703811,30.69801487396844,579.3232323232323,0.9482148802177024,549.322909344706,1,2_dns_tunneling_capture,1
1.865391731262207,18536,30,0.064323852802145,0.0194538532368133,617.8666666666667,16.082412877267696,9936.786836434469,1,2_dns_tunneling_capture,0
96.28223276138306,12659,23,4.376465125517412,165.72501410066351,550.3913043478261,0.2388810410847146,131.4780477865827,1,2_dns_tunneling_capture,1
0.0585386753082275,247,2,0.0585386753082275,0.0,123.5,34.165446851492085,4219.432686159273,1,2_dns_tunneling_capture,0
0.0595252513885498,268,2,0.0595252513885498,0.0,134.0,33.599186115906384,4502.290939531456,1,2_dns_tunneling_capture,0
0.0580625534057617,309,2,0.0580625534057617,0.0,154.5,34.44560879063121,5321.846558152522,1,2_dns_tunneling_capture,0
100.85985326766968,17166,41,2.521496331691742,96.137448654501,418.6829268292683,0.4065046564284704,170.19655932319813,1,2_dns_tunneling_capture,1
0.6986498832702637,15458,28,0.0258759216026023,0.0047146048027628,552.0714285714286,40.07729861620626,22125.531500332723,1,2_dns_tunneling_capture,0
45.1090362071991,668,8,6.444148029599871,246.3549329464366,83.5,0.1773480586739571,14.808562899275415,1,2_dns_tunneling_capture,1
1.944257497787476,9056,19,0.1080143054326375,0.0218773307652418,476.6315789473685,9.772368125940933,4657.819249922162,1,2_dns_tunneling_capture,0
60.13694047927856,16326,175,0.3456146004556239,0.0572278620221394,93.29142857142855,2.910024996371405,271.4803890900546,1,2_dns_tunneling_capture,1
1.6379122734069824,12412,23,0.0744505578821355,0.0190934839771401,539.6521739130435,14.042266105106012,7577.9394302859055,1,2_dns_tunneling_capture,0
33.266005516052246,883,6,6.653201103210449,151.40710519616945,147.16666666666666,0.1803643060512554,26.543613707209765,1,2_dns_tunneling_capture,1
1.3877975940704346,9663,25,0.0578248997529347,0.0143325559031996,386.52,18.014154302339264,6962.830920940173,1,2_dns_tunneling_capture,0
0.91756010055542,12066,28,0.0339837074279785,0.0046351916831444,430.9285714285714,30.515712249313115,13150.092285721856,1,2_dns_tunneling_capture,0
8.276349067687988,148,2,8.276349067687988,0.0,74.0,0.2416524464643808,17.882281038364184,1,2_dns_tunneling_capture,1
51.71110796928406,2064,24,2.248309042142785,23.137016972998005,86.0,0.4641169168963811,39.91405485308878,1,2_dns_tunneling_capture,1
0.1064045429229736,261,2,0.1064045429229736,0.0,130.5,18.796189946963093,2452.902788078684,1,2_dns_tunneling_capture,0
1.707500696182251,9057,19,0.0948611497879028,0.01752383470724,476.6842105263158,11.127374672514936,5304.243810998304,1,2_dns_tunneling_capture,0
0.1122889518737793,261,2,0.1122889518737793,0.0,130.5,17.81119127595154,2324.360461511676,1,2_dns_tunneling_capture,0
0.048142671585083,261,2,0.048142671585083,0.0,130.5,41.54318682679212,5421.385880896372,1,2_dns_tunneling_capture,0
0.2191481590270996,301,2,0.2191481590270996,0.0,150.5,9.12624595560797,1373.5000163189995,1,2_dns_tunneling_capture,0
0.0631399154663086,261,2,0.0631399154663086,0.0,130.5,31.675683840077333,4133.676741130092,1,2_dns_tunneling_capture,0
0.2117505073547363,301,2,0.2117505073547363,0.0,150.5,9.44507772370759,1421.4841974179922,1,2_dns_tunneling_capture,0
0.055305004119873,261,2,0.055305004119873,0.0,130.5,36.1630928670581,4719.283619151082,1,2_dns_tunneling_capture,0
0.2326703071594238,301,2,0.2326703071594238,0.0,150.5,8.595854040926744,1293.6760331594749,1,2_dns_tunneling_capture,0
0.077195405960083,261,2,0.077195405960083,0.0,130.5,25.90827750856289,3381.030214867457,1,2_dns_tunneling_capture,0
0.0895686149597168,222,3,0.0447843074798584,0.0019967604276303,74.0,33.49387507386645,2478.546755466117,1,2_dns_tunneling_capture,0
0.222822904586792,301,2,0.222822904586792,0.0,150.5,8.975737946280015,1350.848560915142,1,2_dns_tunneling_capture,0
0.0663197040557861,261,2,0.0663197040557861,0.0,130.5,30.156950011683712,3935.481976524725,1,2_dns_tunneling_capture,0
0.2536470890045166,301,2,0.2536470890045166,0.0,150.5,7.884971232468537,1186.6881704865148,1,2_dns_tunneling_capture,0
0.0974140167236328,261,2,0.0974140167236328,0.0,130.5,20.53092632114816,2679.2858849098347,1,2_dns_tunneling_capture,0
0.2626986503601074,301,2,0.2626986503601074,0.0,150.5,7.613286163664713,1145.7995676315393,1,2_dns_tunneling_capture,0
0.1065058708190918,261,2,0.1065058708190918,0.0,130.5,18.77830756763775,2450.5691375767265,1,2_dns_tunneling_capture,0
0.1885497570037841,301,2,0.1885497570037841,0.0,150.5,10.607279647461228,1596.3955869429149,1,2_dns_tunneling_capture,0
0.0324509143829345,261,2,0.0324509143829345,0.0,130.5,61.63154530560066,8042.916662380886,1,2_dns_tunneling_capture,0
0.2629225254058838,301,2,0.2629225254058838,0.0,150.5,7.606803551397971,1144.8239344853946,1,2_dns_tunneling_capture,0
0.1074216365814209,261,2,0.1074216365814209,0.0,130.5,18.61822314058758,2429.6781198466792,1,2_dns_tunneling_capture,0
37.15859127044678,10276,110,0.340904507068319,0.0561024855965913,93.41818181818182,2.9602844521042417,276.5443911802108,1,2_dns_tunneling_capture,0
0.2192044258117675,301,2,0.2192044258117675,0.0,150.5,9.123903372815176,1373.147457608684,1,2_dns_tunneling_capture,0
0.0630550384521484,261,2,0.0630550384521484,0.0,130.5,31.71832178831785,4139.24099337548,1,2_dns_tunneling_capture,0
0.2770342826843261,301,2,0.2770342826843261,0.0,150.5,7.219323112724469,1086.5081284650323,1,2_dns_tunneling_capture,0
0.1208674907684326,261,2,0.1208674907684326,0.0,130.5,16.54704658204377,2159.3895789567123,1,2_dns_tunneling_capture,0
0.2270863056182861,301,2,0.2270863056182861,0.0,150.5,8.807224172125286,1325.4872379048556,1,2_dns_tunneling_capture,0
0.0712616443634033,261,2,0.0712616443634033,0.0,130.5,28.065588688928813,3662.55932390521,1,2_dns_tunneling_capture,0
0.6958186626434326,511,4,0.2319395542144775,0.0183605997120063,127.75,5.7486241958557125,734.3867410205672,1,2_dns_tunneling_capture,0
28.43234395980835,54315,70,0.4120629559392514,10.00506465453638,775.9285714285714,2.461984847220167,1910.324385382334,1,2_dns_tunneling_capture,1
0.1069414615631103,261,2,0.1069414615631103,0.0,130.5,18.701820330178688,2440.587553088319,1,2_dns_tunneling_capture,0
0.2188270092010498,301,2,0.2188270092010498,0.0,150.5,9.139639605285092,1375.5157605954064,1,2_dns_tunneling_capture,0
0.0632874965667724,261,2,0.0632874965667724,0.0,130.5,31.60181881882259,4124.037355856348,1,2_dns_tunneling_capture,0
0.1887586116790771,301,2,0.1887586116790771,0.0,150.5,10.595543070640677,1594.6292321314218,1,2_dns_tunneling_capture,0
0.0314500331878662,261,2,0.0314500331878662,0.0,130.5,63.59293766251488,8298.878364958191,1,2_dns_tunneling_capture,0
0.232980728149414,301,2,0.232980728149414,0.0,150.5,8.584401018428313,1291.952353273461,1,2_dns_tunneling_capture,0
0.0759463310241699,261,2,0.0759463310241699,0.0,130.5,26.33438604642402,3436.6373790583343,1,2_dns_tunneling_capture,0
0.1945803165435791,301,2,0.1945803165435791,0.0,150.5,10.27853194776806,1546.9190581390933,1,2_dns_tunneling_capture,0
0.0376617908477783,261,2,0.0376617908477783,0.0,130.5,53.10421928908303,6930.100617225335,1,2_dns_tunneling_capture,0
0.2565538883209228,301,2,0.2565538883209228,0.0,150.5,7.795633163424142,1173.2427910953334,1,2_dns_tunneling_capture,0
0.099172830581665,261,2,0.099172830581665,0.0,130.5,20.166813715708926,2631.7691899000147,1,2_dns_tunneling_capture,0
0.1981837749481201,301,2,0.1981837749481201,0.0,150.5,10.091643478501473,1518.7923435144717,1,2_dns_tunneling_capture,0
0.0403132438659668,261,2,0.0403132438659668,0.0,130.5,49.61148764534024,6474.299137716902,1,2_dns_tunneling_capture,0
0.2066025733947754,301,2,0.2066025733947754,0.0,150.5,9.6804215317222,1456.9034405241912,1,2_dns_tunneling_capture,0
0.0499439239501953,261,2,0.0499439239501953,0.0,130.5,40.04491120870728,5225.8609127363,1,2_dns_tunneling_capture,0
0.3099086284637451,301,2,0.3099086284637451,0.0,150.5,6.453515056725732,971.2540160372228,1,2_dns_tunneling_capture,0
0.1521925926208496,261,2,0.1521925926208496,0.0,130.5,13.141244035329024,1714.9323466104377,1,2_dns_tunneling_capture,0
0.2225034236907959,301,2,0.2225034236907959,0.0,150.5,8.988625733594644,1352.788172905994,1,2_dns_tunneling_capture,0
0.0651893615722656,261,2,0.0651893615722656,0.0,130.5,30.67985253671953,4003.7207560418974,1,2_dns_tunneling_capture,0
0.2103073596954345,301,2,0.2103073596954345,0.0,150.5,9.509890680461131,1431.2385474094,1,2_dns_tunneling_capture,0
0.0538504123687744,261,2,0.0538504123687744,0.0,130.5,37.13991986363536,4846.759542204414,1,2_dns_tunneling_capture,0
0.2246303558349609,301,2,0.2246303558349609,0.0,150.5,8.903516145740463,1339.9791799339396,1,2_dns_tunneling_capture,0
0.0681416988372802,261,2,0.0681416988372802,0.0,130.5,29.35060372908991,3830.2537866462335,1,2_dns_tunneling_capture,0
0.1845951080322265,301,2,0.1845951080322265,0.0,150.5,10.8345233051942,1630.5957574317274,1,2_dns_tunneling_capture,0
0.0280776023864746,261,2,0.0280776023864746,0.0,130.5,71.23115330400965,9295.665506173258,1,2_dns_tunneling_capture,0
0.2387435436248779,301,2,0.2387435436248779,0.0,150.5,8.377189890179686,1260.7670784720426,1,2_dns_tunneling_capture,0
0.081963300704956,261,2,0.081963300704956,0.0,130.5,24.401164701741525,3184.351993577269,1,2_dns_tunneling_capture,0
0.0525169372558593,267,2,0.0525169372558593,0.0,133.5,38.082951986634704,5084.074090215733,1,2_dns_tunneling_capture,0
0.0522160530090332,295,2,0.0522160530090332,0.0,147.5,38.30239715081503,5649.603579745217,1,2_dns_tunneling_capture,0
0.0532724857330322,283,2,0.0532724857330322,0.0,141.5,37.54283233605292,5312.310775551488,1,2_dns_tunneling_capture,0
0.8328094482421875,88601,79,0.0106770442082331,0.0008568466805159,1121.5316455696202,94.85963465801863,106388.08215614063,1,2_dns_tunneling_capture,1
0.2537388801574707,301,2,0.2537388801574707,0.0,150.5,7.882118809536785,1186.2588808352862,1,2_dns_tunneling_capture,0
0.0981326103210449,261,2,0.0981326103210449,0.0,130.5,20.380584939674147,2659.6663346274763,1,2_dns_tunneling_capture,0
0.2191584110260009,301,2,0.2191584110260009,0.0,150.5,9.12581903946511,1373.4357654394992,1,2_dns_tunneling_capture,0
0.0627720355987548,261,2,0.0627720355987548,0.0,130.5,31.861321381772605,4157.902440321325,1,2_dns_tunneling_capture,0
0.182086706161499,301,2,0.182086706161499,0.0,150.5,10.983778234892837,1653.0586243513717,1,2_dns_tunneling_capture,0
0.0257284641265869,261,2,0.0257284641265869,0.0,130.5,77.73491608981308,10144.406549720608,1,2_dns_tunneling_capture,0
0.107656717300415,121,2,0.107656717300415,0.0,60.5,18.577568127207694,1123.9428716960658,1,2_dns_tunneling_capture,0
0.1693060398101806,301,2,0.1693060398101806,0.0,150.5,11.812927655991022,1777.8456122266489,1,2_dns_tunneling_capture,0
0.013620376586914,261,2,0.013620376586914,0.0,130.5,146.83881809270412,19162.465761097887,1,2_dns_tunneling_capture,0
0.2469289302825927,301,2,0.2469289302825927,0.0,150.5,8.099496473382608,1218.9742192440824,1,2_dns_tunneling_capture,0
0.0912721157073974,261,2,0.0912721157073974,0.0,130.5,21.91249742047892,2859.5809133724983,1,2_dns_tunneling_capture,0
0.2225663661956787,301,2,0.2225663661956787,0.0,150.5,8.986083720491777,1352.4055999340126,1,2_dns_tunneling_capture,0
0.0659112930297851,261,2,0.0659112930297851,0.0,130.5,30.343813754286455,3959.867694934383,1,2_dns_tunneling_capture,0
0.3178102970123291,301,2,0.3178102970123291,0.0,150.5,6.293062304153136,947.1058767750468,1,2_dns_tunneling_capture,0
0.1612391471862793,261,2,0.1612391471862793,0.0,130.5,12.403935613039454,1618.7135975016488,1,2_dns_tunneling_capture,0
0.2848868370056152,301,2,0.2848868370056152,0.0,150.5,7.020331374455813,1056.5598718555998,1,2_dns_tunneling_capture,0
0.1286664009094238,261,2,0.1286664009094238,0.0,130.5,15.544073556607234,2028.501599137244,1,2_dns_tunneling_capture,0
0.2759733200073242,301,2,0.2759733200073242,0.0,150.5,7.247077362213568,1090.685143013142,1,2_dns_tunneling_capture,0
0.1191990375518798,261,2,0.1191990375518798,0.0,130.5,16.77865896467096,2189.6149948895604,1,2_dns_tunneling_capture,0
0.2229540348052978,301,2,0.2229540348052978,0.0,150.5,8.970458873940396,1350.0540605280296,1,2_dns_tunneling_capture,0
0.0661830902099609,261,2,0.0661830902099609,0.0,130.5,30.21919940055909,3943.6055217729618,1,2_dns_tunneling_capture,0
0.0563557147979736,234,2,0.0563557147979736,0.0,117.0,35.488858710597235,4152.196469139876,1,2_dns_tunneling_capture,0
0.0559215545654296,246,2,0.0559215545654296,0.0,123.0,35.7643848698796,4399.019338995191,1,2_dns_tunneling_capture,0
0.4513049125671386,11476,24,0.0196219527203103,0.0013751315188183,478.1666666666667,53.179124205588224,25428.484557638767,1,2_dns_tunneling_capture,0
11.999563455581663,242,2,11.999563455581663,0.0,121.0,0.1666727300041643,20.167400330503884,1,3_exfiltration_capture,1
11.999164342880247,282,2,11.999164342880247,0.0,141.0,0.1666782738238524,23.50163660916319,1,3_exfiltration_capture,1
135.0003468990326,292,4,45.000115633010864,2.98240138363326e-07,73.0,0.0296295534928633,2.162957404979027,1,3_exfiltration_capture,1
0.0026869773864746,296020,21,0.0001343488693237,2.9371543064371513e-08,14096.190476190475,7815.473291925466,110168400.18456078,1,3_exfiltration_capture,1
0.0026021003723144,1491,21,0.0001301050186157,2.4724943727960632e-08,71.0,8070.403518416712,572998.6498075866,1,3_exfiltration_capture,1
0.0330309867858886,188,4,0.0110103289286295,0.0002318884648325,47.0,121.09841059029031,5691.625297743644,1,4_lateral_scan_capture,0
0.0327763557434082,144,3,0.0163881778717041,0.0002582643233495,48.0,91.52939464917004,4393.410943160161,1,4_lateral_scan_capture,0
0.6687459945678711,163,2,0.6687459945678711,0.0,81.5,2.9906721180324314,243.7397776196432,1,5_jittered_beacon,0
0.669281005859375,203,2,0.669281005859375,0.0,101.5,2.988281428115453,303.3105649537185,1,5_jittered_beacon,0
490.7552328109741,111376,2475,0.1983650900610243,3.6767516699463294,45.00040404040404,5.043247294223563,226.9481659157348,1,5_jittered_beacon,1
490.7551870346069,108900,2475,0.1983650715580464,3.67676277607358,44.0,5.043247764644551,221.90290164436024,1,5_jittered_beacon,1
490.7547130584717,110672,2459,0.1996561078350169,3.700691904254587,45.00691337942253,5.010649790146832,225.51388107976013,1,5_jittered_beacon,1
490.75467801094055,108196,2459,0.1996560935764607,3.700695223212631,44.0,5.010650147985305,220.4686065113534,1,5_jittered_beacon,1
3.031877994537353,1710,38,0.0819426485010095,0.2393304206575533,45.0,12.533485868648407,564.0068640891784,1,5_jittered_beacon,0
3.0318548679351807,1672,38,0.0819420234577075,0.2393328160335705,44.0,12.533581472479776,551.4775847891102,1,5_jittered_beacon,0
3.03139591217041,1710,38,0.0819296192478489,0.2394475130102943,45.0,12.535479066735585,564.0965580031013,1,5_jittered_beacon,0
3.031369924545288,1672,38,0.0819289168796023,0.2394523727585769,44.0,12.535586532118836,551.5658074132288,1,5_jittered_beacon,0
3.023557186126709,808,4,1.0078523953755696,1.791263254189188e-05,202.0,1.3229450457737666,267.23489924630087,1,5_jittered_beacon,0
405.3548328876496,59040,1312,0.3091951433162849,5.823283748844547,45.0,3.236670426879162,145.65016920956228,1,5_jittered_beacon,1
405.3548121452332,57728,1312,0.309195127494457,5.823305339605053,44.0,3.2366705925028665,142.41350607012615,1,5_jittered_beacon,1
405.35381293296814,58732,1305,0.3108541510222148,5.854415024360964,45.00536398467433,3.219409706689506,144.89070566535486,1,5_jittered_beacon,1
405.35382199287415,57420,1305,0.3108541579699955,5.854428900711606,44.0,3.2194096347337293,141.6540239282841,1,5_jittered_beacon,1
1034.835322141647,3268,43,24.638936241467796,103.00819000922884,76.0,0.041552505099081,3.157990387530161,1,5_jittered_beacon,1
0.0488781929016113,285,6,0.0097756385803222,0.0002774742347355,47.5,122.75412906687478,5830.8211306765525,1,5_jittered_beacon,0
0.0485179424285888,189,4,0.0161726474761962,0.0003548088980475,47.25,82.44372699620146,3895.466100570519,1,5_jittered_beacon,0
0.0265810489654541,471,7,0.0044301748275756,6.702456613065048e-05,67.28571428571429,263.3455139072016,17719.391007184564,1,5_jittered_beacon,0
0.0265200138092041,751,6,0.0053040027618408,7.640081663794261e-05,125.16666666666669,226.24422608398584,28318.23563151223,1,5_jittered_beacon,0
0.0194149017333984,1036,7,0.0032358169555664,1.2537066481854708e-05,148.0,360.54779447882896,53361.07358286669,1,5_jittered_beacon,0
0.0193390846252441,751,6,0.0038678169250488,1.2669667044065135e-05,125.16666666666669,310.25253347141063,38833.2754395049,1,5_jittered_beacon,0
0.7874882221221924,1036,7,0.1312480370203654,0.0823307689284702,148.0,8.889021833413311,1315.57523134517,1,5_jittered_beacon,0
0.787578821182251,751,6,0.1575157642364502,0.0946885982965568,125.16666666666669,7.618285101919418,953.5553519235804,1,5_jittered_beacon,0
0.2809929847717285,1036,7,0.0468321641286214,0.0096529242279201,148.0,24.911653953519945,3686.924785120952,1,5_jittered_beacon,0
0.2809798717498779,751,6,0.0561959743499755,0.0110694470510679,125.16666666666669,21.353842759744253,2672.789318761322,1,5_jittered_beacon,0
0.4376511573791504,1036,7,0.0729418595631917,0.0246240952149542,148.0,15.994473867998224,2367.1821324637376,1,5_jittered_beacon,0
0.4377338886260986,751,6,0.0875467777252197,0.0282992454297163,125.16666666666669,13.706957939290486,1715.6542354011924,1,5_jittered_beacon,0
150.74192094802856,323,7,25.123653491338093,422.7664768794172,46.142857142857146,0.0464369828643313,2.1427350664541485,1,5_jittered_beacon,1
150.74176788330078,312,6,30.14835357666016,355.83564944424654,52.0,0.039803168585929,2.0697647664683085,1,5_jittered_beacon,1
0.026346206665039,471,7,0.0043910344441731,7.877757973852163e-05,67.28571428571429,265.69289799464275,17877.33642221096,1,5_jittered_beacon,0
0.0261769294738769,751,6,0.0052353858947753,9.187174290218535e-05,125.16666666666669,229.20946499808733,28689.3847022606,1,5_jittered_beacon,0
0.0194001197814941,471,7,0.0032333532969156,3.1828539489550974e-05,67.28571428571429,360.82251444021136,24278.20061447708,1,5_jittered_beacon,0
0.0193018913269042,751,6,0.0038603782653808,3.672089241263165e-05,125.16666666666669,310.85036685688874,38908.10425158724,1,5_jittered_beacon,0
3.026160955429077,808,4,1.0087203184763591,1.551515281840289e-05,202.0,1.3218067574442165,267.0049650037317,1,5_jittered_beacon,0
0.0208261013031005,471,7,0.00347101688385,4.608611727974221e-05,67.28571428571429,336.1166786871358,22615.85080880585,1,5_jittered_beacon,0
0.0208189487457275,751,6,0.0041637897491455,5.3074250545250833e-05,125.16666666666669,288.1989899336929,36072.90690670056,1,5_jittered_beacon,0
0.0186688899993896,471,7,0.0031114816665649,3.875132159218234e-05,67.28571428571429,374.9553401529954,25229.137887437264,1,5_jittered_beacon,0
0.0187010765075683,751,6,0.0037402153015136,4.463583249162184e-05,125.16666666666669,320.83714526122543,40158.11601519671,1,5_jittered_beacon,0
0.0053200721740722,471,7,0.0008866786956787,2.659660462237904e-06,67.28571428571429,1315.7716231961997,88532.63350363002,1,5_jittered_beacon,1
0.005275011062622,751,6,0.0010550022125244,2.919602752626815e-06,125.16666666666669,1137.438372881356,142369.3696723164,1,5_jittered_beacon,1
3.022413969039917,808,4,1.0074713230133057,2.5845284085335152e-05,202.0,1.3234454449238195,267.33597987461155,1,5_jittered_beacon,0
0.001641035079956,471,7,0.0002735058466593,8.809574896733666e-08,67.28571428571429,4265.600464913555,287013.97413918347,1,5_jittered_beacon,1
0.0015819072723388,751,6,0.0003163814544677,8.897025054466213e-08,125.16666666666669,3792.8898266767146,474743.3766390354,1,5_jittered_beacon,1
0.0039169788360595,471,7,0.0006528298060099,9.440284508678412e-07,67.28571428571429,1787.0916063059224,120245.73522429848,1,5_jittered_beacon,1
0.003695011138916,751,6,0.0007390022277832,1.0232238901153325e-06,125.16666666666669,1623.8110723964382,203247.0192282875,1,5_jittered_beacon,1
0.0033318996429443,471,7,0.0005553166071573,8.943472080444635e-07,67.28571428571429,2100.9036135957067,141360.8002862254,1,5_jittered_beacon,1
0.0032851696014404,751,6,0.000657033920288,9.655505300543152e-07,125.16666666666669,1826.3897234922708,228603.11372378256,1,5_jittered_beacon,1
3.018651962280273,808,4,1.006217320760091,2.3251941583011003e-06,202.0,1.3250947939617463,267.6691483802728,1,5_jittered_beacon,0
0.0026581287384033,471,7,0.0004430214564005,3.32536509341076e-07,67.28571428571429,2633.4315185218406,177192.32074625528,1,5_jittered_beacon,1
0.002648115158081,751,6,0.0005296230316162,3.374638390596375e-07,125.16666666666669,2265.762492122085,283597.938597281,1,5_jittered_beacon,1
0.0138280391693115,471,7,0.0023046731948852,1.3680383740203675e-05,67.28571428571429,506.2178313419197,34061.22836600631,1,5_jittered_beacon,1
0.0137090682983398,751,6,0.0027418136596679,1.563484654525382e-05,125.16666666666669,437.6665043478261,54781.257460869565,1,5_jittered_beacon,1
6.494786977767944,252,3,3.247393488883972,0.0674594155521077,84.0,0.4619089140674182,38.800348781663125,1,5_jittered_beacon,0
3.034188032150269,808,4,1.011396010716756,1.5625316046276162e-05,202.0,1.3183098600403087,266.2985917281424,1,5_jittered_beacon,0
0.0021970272064208,471,7,0.0003661712010701,2.917683335428795e-07,67.28571428571429,3186.123494302767,214380.5951166576,1,5_jittered_beacon,1
0.0021610260009765,751,6,0.0004322052001953,3.086126616835827e-07,125.16666666666669,2776.458958517211,347520.11297440424,1,5_jittered_beacon,1
0.0040709972381591,471,7,0.0006784995396931,1.3220383421083975e-06,67.28571428571429,1719.480409956076,115696.4675841874,1,5_jittered_beacon,1
0.0040180683135986,751,6,0.0008036136627197,1.4406240234166034e-06,125.16666666666669,1493.2548507684091,186905.73215451252,1,5_jittered_beacon,1
0.002303123474121,471,7,0.0003838539123535,1.668012714617362e-07,67.28571428571429,3039.350724637681,204504.88447204969,1,5_jittered_beacon,1
0.0022499561309814,751,6,0.0004499912261962,1.6520054032298504e-07,125.16666666666669,2666.71866059129,333784.2856840097,1,5_jittered_beacon,1
3.027905941009521,808,4,1.009301980336507,1.803244975285957e-05,202.0,1.3210449987314918,266.8510897437613,1,5_jittered_beacon,0
0.0032620429992675,471,7,0.0005436738332112,6.037306295386063e-07,67.28571428571429,2145.894459874288,144388.04151439847,1,5_jittered_beacon,1
0.0031788349151611,751,6,0.0006357669830322,6.277546526689546e-07,125.16666666666669,1887.4839870996773,236250.0790519763,1,5_jittered_beacon,1
0.0041110515594482,471,7,0.000685175259908,1.003536575518006e-06,67.28571428571429,1702.727367627443,114569.22716464652,1,5_jittered_beacon,1
0.0038881301879882,751,6,0.0007776260375976,1.091353842639364e-06,125.16666666666669,1543.158204562178,193151.96860436595,1,5_jittered_beacon,1
3.022433996200561,808,4,1.0074779987335205,1.886524728433869e-06,202.0,1.3234366755496785,267.334208461035,1,5_jittered_beacon,0
0.0019199848175048,471,7,0.0003199974695841,1.0710803463906713e-07,67.28571428571429,3645.862163169005,245314.43983608592,1,5_jittered_beacon,1
0.0018699169158935,751,6,0.0003739833831787,1.0801737971632973e-07,125.16666666666669,3208.698712227464,401622.1221471376,1,5_jittered_beacon,1
0.0155320167541503,471,7,0.002588669459025,2.5134516489641915e-05,67.28571428571429,450.6819758695853,30324.45866208209,1,5_jittered_beacon,1
0.0154728889465332,751,6,0.0030945777893066,2.908953767018829e-05,125.16666666666669,387.77503158803046,48536.508120435145,1,5_jittered_beacon,1
0.0028769969940185,471,7,0.000479499499003,4.0468128601231814e-07,67.28571428571429,2433.0925665036875,163712.37126046242,1,5_jittered_beacon,1
0.0028309822082519,751,6,0.0005661964416503,4.274781394997262e-07,125.16666666666669,2119.4057604850937,265278.95435405086,1,5_jittered_beacon,1
3.025398015975952,808,4,1.0084660053253174,2.982236780250484e-05,202.0,1.322140088304928,267.0722978375955,1,5_jittered_beacon,0
0.0209040641784667,471,7,0.0034840106964111,4.674137778692966e-05,67.28571428571429,334.8631127534844,22531.50372955588,1,5_jittered_beacon,0
0.0208380222320556,751,6,0.0041676044464111,5.379844682011027e-05,125.16666666666669,287.93519524948226,36039.88860539353,1,5_jittered_beacon,0
3.0211148262023926,808,4,1.0070382754007976,4.728210203413457e-06,202.0,1.3240145542657469,267.45093996168083,1,5_jittered_beacon,0
0.0181939601898193,471,7,0.0030323266983032,3.5766495988317125e-05,67.28571428571429,384.7430645647416,25887.71191571333,1,6_distributed_c2,1
0.0181589126586914,804,6,0.0036317825317382,4.121606183161929e-05,134.0,330.4162596502285,44275.778793130616,1,6_distributed_c2,0
157.4502718448639,96210,2138,0.0736781805544519,0.702919809742949,45.0,13.57889049633764,611.0500723351937,1,6_distributed_c2,1
157.4502260684967,94072,2138,0.0736781591335969,0.7029232105822457,44.0,13.578894444202897,597.4713555449274,1,6_distributed_c2,1
157.4497799873352,96078,2135,0.0737815276416753,0.7040359830218584,45.00140515222483,13.559879220991816,610.2136186390875,1,6_distributed_c2,1
157.4497890472412,93940,2135,0.0737815318871795,0.7040359599301239,44.0,13.559878440735256,596.6346513923512,1,6_distributed_c2,1
0.0203430652618408,471,7,0.0033905108769734,4.15956085062261e-05,67.28571428571429,344.09760328157046,23152.853020802813,1,6_distributed_c2,0
0.0203099250793457,804,6,0.0040619850158691,4.778533492299176e-05,134.0,295.42206465851194,39586.556664240605,1,6_distributed_c2,0
150.03486394882202,456,6,30.006972789764404,1.703681014078029e-05,76.0,0.0399907051073585,3.0392935881592487,1,6_distributed_c2,1
0.0186967849731445,285,6,0.0037393569946289,4.092587480499788e-05,47.5,320.9107880642693,15243.262433052792,1,6_distributed_c2,0
0.0185959339141845,189,4,0.0061986446380615,5.247090246029984e-05,47.25,215.10078592766388,10163.51213508212,1,6_distributed_c2,0
0.0206072330474853,471,7,0.0034345388412475,4.4099548323591385e-05,67.28571428571429,339.6865549037983,22856.05247995557,1,6_distributed_c2,0
0.0204911231994628,804,6,0.0040982246398925,5.1644831123667246e-05,134.0,292.80971772973726,39236.50217578479,1,6_distributed_c2,0
0.0139050483703613,471,7,0.0023175080617268,1.936045581234996e-05,67.28571428571429,503.4142862041768,33872.58982888104,1,6_distributed_c2,1
0.013866901397705,804,6,0.002773380279541,2.247464509764541e-05,134.0,432.6849833224442,57979.787765207526,1,6_distributed_c2,1
0.0015649795532226,471,7,0.0002608299255371,7.579476838751968e-08,67.28571428571429,4472.901889092017,300962.3985374772,1,6_distributed_c2,1
0.0014998912811279,804,6,0.0002999782562255,7.523111435148169e-08,134.0,4000.289938006676,536038.8516928946,1,6_distributed_c2,1
0.0016040802001953,471,7,0.0002673467000325,9.971390429402366e-08,67.28571428571429,4363.871581450654,293626.2164090369,1,6_distributed_c2,1
0.0015649795532226,804,6,0.0003129959106445,1.0345330338168425e-07,134.0,3833.915904936015,513744.73126142594,1,6_distributed_c2,1
0.0037140846252441,471,7,0.0006190141042073,9.341153044159806e-07,67.28571428571429,1884.717422005392,126814.55796636282,1,6_distributed_c2,1
0.0035641193389892,804,6,0.0007128238677978,9.933154251484665e-07,134.0,1683.4453140678306,225581.6720850893,1,6_distributed_c2,1
0.3244469165802002,471,7,0.0540744860967,0.0130291750580305,67.28571428571429,21.575178071601943,1451.7012673892164,1,6_distributed_c2,0
0.324113130569458,848,7,0.0540188550949096,0.0130315740254663,121.14285714285714,21.59739714247673,2616.3703966886096,1,6_distributed_c2,0
3.0411949157714844,808,4,1.0137316385904949,8.078349247221517e-06,202.0,1.3152724868952663,265.68504235284377,1,6_distributed_c2,0
33.495208978652954,168,2,33.495208978652954,0.0,84.0,0.0597100320011328,5.015642688095158,1,6_distributed_c2,1
0.0281641483306884,471,7,0.0046940247217814,8.524626486740138e-05,67.28571428571429,248.5429318795554,16723.388702181514,1,6_distributed_c2,0
0.0281050205230712,804,6,0.0056210041046142,9.815414344757302e-05,134.0,213.4849890991763,28606.98853928962,1,6_distributed_c2,0
0.0231389999389648,471,7,0.0038564999898274,6.313001947293944e-05,67.28571428571429,302.5195565263982,20355.24444627622,1,6_distributed_c2,0
0.023104190826416,804,6,0.0046208381652832,7.29072028752853e-05,134.0,259.6931459352362,34798.881555321655,1,6_distributed_c2,0
0.636868953704834,7050,17,0.0398043096065521,0.0042997466147474,414.7058823529412,26.693089529810702,11069.781246186203,1,7_spike,0
9.36245894432068,11108,21,0.4681229472160339,3.534780589078663,528.952380952381,2.243000490030316,1186.440449678893,1,7_spike,0
0.5203149318695068,10402,19,0.0289063851038614,0.0034903817363129,547.4736842105264,36.51634584410723,19991.738393179123,1,7_spike,0
0.0422589778900146,121,2,0.0422589778900146,0.0,60.5,47.32722133519891,2863.296890779533,1,7_spike,0
42.03721284866333,10238,101,0.4203721284866333,0.0373431182723214,101.36633663366337,2.4026331232664377,243.5461179802157,1,7_spike,1
1.874073028564453,386,5,0.4685182571411133,0.5839422203749791,77.2,2.667985678140845,205.96849435247324,1,7_spike,0
0.0064060688018798,222,2,0.0064060688018798,0.0,111.0,312.2039525103279,34654.638728646394,1,7_spike,0
0.0112650394439697,172,2,0.0112650394439697,0.0,86.0,177.5404347181951,15268.477385764778,1,7_spike,0
0.1918017864227295,9246,20,0.0100948308643541,0.0003579828173146,462.3,104.27431554740669,48206.01607756611,1,7_spike,0
30.117307901382446,12528,76,0.4015641053517659,1.2601509435099103,164.8421052631579,2.523465916969008,415.97343431299646,1,7_spike,1
166.43721890449524,724,12,15.130656264045022,412.8431077914328,60.333333333333336,0.0720992580805247,4.349988570858328,1,7_spike,1
0.011941909790039,238,2,0.011941909790039,0.0,119.0,167.47739977639355,19929.81057339083,1,7_spike,0
39.13925695419312,7005,23,1.7790571342815051,17.370138516927657,304.5652173913044,0.5876452899174401,178.97631547268125,1,7_spike,1
377.6907138824463,14895,165,2.3029921578197943,13.460321885074585,90.27272727272728,0.4368653873003484,39.43702996265873,1,7_spike,1
34.97549390792847,7005,23,1.589795177633112,13.272474690963309,304.5652173913044,0.657603293910489,200.28309016708587,1,7_spike,1
0.0067842006683349,307,2,0.0067842006683349,0.0,153.5,294.80260059743455,45252.19919170621,1,7_spike,0
1.3360891342163086,12448,23,0.0607313242825594,0.0124362780716779,541.2173913043479,17.214420363871003,9316.743682150704,1,7_spike,0
344.80774116516113,1542,22,16.419416245960054,425.3276942683229,70.0909090909091,0.0638036719409443,4.472057369678919,1,7_spike,1
5.019286155700684,283,5,1.254821538925171,4.461105467989142,56.6,0.9961575899236628,56.38251958967932,1,7_spike,0
3.825165033340454,6874,20,0.2013244754389712,0.1768178925725727,343.7,5.228532579817694,1797.0466476833417,1,7_spike,0
4.430393218994141,6791,19,0.2461329566107856,0.3249784233400623,357.42105263157896,4.288558387671442,1532.8210531935138,1,7_spike,0
371.3839199542999,8310,87,4.318417673887208,39.7071497755904,95.51724137931036,0.2342589307870562,22.37576683724641,1,7_spike,1
360.15438079833984,69008,190,1.9055787343827504,33.89901388263429,363.2,0.5275515449203605,191.6067211150749,1,7_spike,1
360.0861530303955,7463,91,4.000957255893283,53.579992473195496,82.01098901098901,0.2527172989968279,20.72559563091568,1,7_spike,1
4.40487813949585,6845,20,0.2318356915524131,0.17086960734605,342.25,4.540420725983819,1553.958993467962,1,7_spike,0
18.9534809589386,433,8,2.707640136991228,5.121397867604424,54.125,0.4220860546583208,22.84540770838161,1,7_spike,1
3.836328029632568,6791,19,0.2131293349795871,0.1989482351325576,357.42105263157896,4.952652602499104,1770.1823065037588,1,7_spike,0
24.61142301559448,378,7,4.101903835932414,17.695459556351988,54.0,0.2844207746770515,15.358721832560786,1,7_spike,1
38.28591704368591,7059,24,1.6646050888559092,15.315364622728408,294.125,0.6268623518306992,184.3758892322044,1,7_spike,1
3.688563108444214,6874,20,0.1941349004444323,0.166160953812841,343.7,5.422165599990434,1863.598316716712,1,7_spike,0
3.679670810699463,6791,19,0.2044261561499701,0.167659491180152,357.42105263157896,5.163505372478773,1845.5455255001764,1,7_spike,0
3.8041329383850098,6874,20,0.2002175230728952,0.1875602676489905,343.7,5.257439822408181,1806.982066961692,1,7_spike,0
3.721342086791992,6874,20,0.1958601098311574,0.1573376794533503,343.7,5.374405129532484,1847.1830430203147,1,7_spike,0
360.22857093811035,3887,52,7.063305312511968,158.79446697390557,74.75,0.1443527920747128,10.790371207584789,1,7_spike,1
32.35324215888977,6922,22,1.540630578994751,11.56921803130229,314.6363636363636,0.6799936739556414,213.9507368691341,1,7_spike,1
3.5709869861602783,6791,19,0.1983881658977932,0.1586106765142466,357.42105263157896,5.320657866756845,1901.7151354287228,1,7_spike,0
3.65143609046936,6874,20,0.1921808468668084,0.1718374014949757,343.7,5.477297015331076,1882.546984169291,1,7_spike,0
0.0290789604187011,367,2,0.0290789604187011,0.0,183.5,68.77824967613925,12620.808815571552,1,7_spike,0
0.0287449359893798,307,2,0.0287449359893798,0.0,153.5,69.5774727325509,10680.142064446563,1,7_spike,0
30.96262907981873,18547,41,0.7740657269954682,5.0804317425889005,452.3658536585366,1.3241769584328864,599.0124401964572,1,7_spike,0
3.7759270668029785,6874,20,0.1987330035159462,0.1800430287473127,343.7,5.296712475152149,1820.4800777097937,1,7_spike,0
36.93644905090332,10546,26,1.4774579620361328,11.493187604654825,405.61538461538464,0.7039117367283616,285.51742982835776,1,7_spike,0
3.5973150730133057,6928,21,0.1798657536506653,0.132145559092625,329.9047619047619,5.837687156607404,1925.880791475052,1,7_spike,0
34.42951703071594,7005,23,1.5649780468507246,12.71423074423793,304.5652173913044,0.6680314446316742,203.45914215847293,1,7_spike,1
30.034953832626343,12614,79,0.3850635106746967,1.1771962027903211,159.67088607594937,2.6302687342300475,419.97733941237743,1,7_spike,1
31.26325488090515,15898,54,0.589872733601984,13.405940533138295,294.4074074074074,1.727267368855503,508.5203079641626,1,7_spike,1
32.97488808631897,105791,141,0.2355349149022783,5.47409337341451,750.2907801418439,4.275981153625199,3208.229235625272,1,7_spike,1
3.6886048316955566,6791,19,0.2049224906497531,0.1550512060782097,357.42105263157896,5.150999054367716,1841.0755041163768,1,7_spike,0
1.8235230445861816,163,3,0.9117615222930908,0.8312364699033878,54.333333333333336,1.6451670347170195,89.3874088862914,1,7_spike,0
3.6201071739196777,6791,19,0.2011170652177598,0.1768330317274319,357.42105263157896,5.248463398233516,1875.911312494937,1,7_spike,0
39.08272695541382,433,8,5.58324670791626,42.59415306218984,54.125,0.2046940073840426,11.07906314966131,1,7_spike,1
1.1390390396118164,24091,31,0.0379679679870605,0.0081412935181803,777.1290322580645,27.215924056970668,21150.284724402594,1,7_spike,0
157.59435200691223,7571,26,6.303774080276489,150.85247543358275,291.1923076923077,0.1649805317823802,48.04106177401541,1,7_spike,1
3.855820178985596,6874,20,0.2029379041571366,0.1895560520678136,343.7,5.186963880992416,1782.7594858970936,1,7_spike,0
0.0058920383453369,307,2,0.0058920383453369,0.0,153.5,339.4411038724558,52104.20944442196,1,7_spike,1
1.2042250633239746,10879,21,0.0602112531661987,0.0107167568223593,518.047619047619,17.438600673228418,9034.02555828819,1,7_spike,0
3.85313892364502,6874,20,0.202796785455001,0.1792916066363767,343.7,5.190573295260338,1784.0000415809782,1,7_spike,0
0.0059971809387207,316,2,0.0059971809387207,0.0,158.0,333.4900214677586,52691.42339190586,1,7_spike,0
1.2228829860687256,12844,26,0.048915319442749,0.0100160244761105,494.0,21.26123291941753,10503.049062192262,1,7_spike,0
59.83136296272278,21474,194,0.3100070619830196,0.0604735809522295,110.69072164948452,3.2424466098301887,358.9087551520282,1,7_spike,1
3.7950551509857178,6874,20,0.199739744788722,0.1786514390318414,343.7,5.270015639905853,1811.3043754356413,1,7_spike,0
3.874588966369629,6845,20,0.2039257350720857,0.1805835161407444,342.25,5.161837855213681,1766.6390059468824,1,7_spike,0
3.980624914169312,6874,20,0.2095065744299637,0.1943668830542949,343.7,5.024336738889566,1726.864537156344,1,7_spike,0
0.0198559761047363,238,2,0.0198559761047363,0.0,119.0,100.72534281117169,11986.31579452943,1,7_spike,0
38.83944392204285,7005,23,1.765429269183766,16.414486046809103,304.5652173913044,0.592181495856758,180.35788602072128,1,7_spike,1
0.0061259269714355,238,2,0.0061259269714355,0.0,119.0,326.48120183700473,38851.26301860357,1,7_spike,1
3.6917338371276855,6791,19,0.2050963242848714,0.163983976283488,357.42105263157896,5.146633218494091,1839.515062462809,1,7_spike,0
3.651185989379883,6791,19,0.2028436660766601,0.1628797974163818,357.42105263157896,5.203788592327218,1859.9435963417968,1,7_spike,0
3.681425094604492,6874,20,0.1937592155054996,0.1708525379268111,343.7,5.432678782277021,1867.211697468612,1,7_spike,0
3.778034925460816,6874,20,0.198843943445306,0.1812508612325429,343.7,5.293757308916501,1819.4643870746013,1,7_spike,0
57.189653158187866,7005,23,2.5995296890085395,32.54138723656681,304.5652173913044,0.4021706502814676,122.4871915313774,1,7_spike,1
0.0057680606842041,612,2,0.0057680606842041,0.0,306.0,346.73699003844087,106101.5189517629,1,7_spike,0
0.1670048236846923,162,3,0.0835024118423461,0.0069596386854442,54.0,17.96355299092465,970.0318615099312,1,7_spike,0
30.074004888534542,16351,79,0.3855641652376224,1.2318152803578446,206.9746835443038,2.6268533337280284,543.6921374656582,1,7_spike,0
0.8494701385498047,10191,23,0.0386122790249911,0.0030780996239914,443.0869565217391,27.075701612378108,11996.89022311936,1,7_spike,0
86.46831107139587,24003,39,2.275481870299892,69.12807006528742,615.4615384615385,0.4510322858948656,277.5930245726785,1,7_spike,1
124.59370517730711,7570,26,4.983748207092285,110.0677124516353,291.15384615384613,0.2086782792356953,60.757483608239,1,7_spike,1
35.22183418273926,7005,23,1.6009924628517844,13.385920686427022,304.5652173913044,0.6530040395020466,198.8823172483407,1,7_spike,1
36.77947115898132,6922,22,1.75140338852292,14.9641393919948,314.6363636363636,0.5981597697504613,188.2028148278497,1,7_spike,1
4.452436923980713,6845,20,0.2343387854726691,0.2377852773084051,342.25,4.491922140947243,1537.3603527391938,1,7_spike,0
3.710178852081299,6928,21,0.1855089426040649,0.1148243530016253,329.9047619047619,5.660104495560809,1867.295425964061,1,7_spike,0
3.013772964477539,6791,19,0.1674318313598632,0.1152158316177747,357.42105263157896,6.304389953705022,2253.3216934532,1,7_spike,0
36.55960607528687,6922,22,1.740933622632708,15.526792607012297,314.6363636363636,0.6017570308251025,189.3346439714254,1,7_spike,1
3.203181028366089,6928,21,0.1601590514183044,0.1096511272249237,329.9047619047619,6.555982885148359,2162.8499727765634,1,7_spike,0
3.01030707359314,6874,20,0.1584372143996389,0.1085390038054874,343.7,6.6438404824022665,2283.487973801659,1,7_spike,0
3.0288949012756348,6874,20,0.1594155211197702,0.1109586641120877,343.7,6.603068330821547,2269.474585303365,1,7_spike,0
30.05774402618408,16164,75,0.4061857300835687,1.2728624274087528,215.52,2.495197242170456,537.7649096325765,1,7_spike,0
3.0470008850097656,6791,19,0.1692778269449869,0.1140653967588542,357.42105263157896,6.235639803543774,2228.748942413988,1,7_spike,0
3.2595138549804688,6791,19,0.1810841030544704,0.1379539896872918,357.42105263157896,5.829090117524244,2083.439525689849,1,7_spike,0
3.612946033477783,6874,20,0.1901550543935675,0.1750254281449763,343.7,5.5356486962934826,1902.60245691607,1,7_spike,0
38.805553913116455,7059,24,1.6871979962224546,16.005321543799106,294.125,0.6184681722037703,181.90695114943395,1,7_spike,1
0.0517120361328125,121,2,0.0517120361328125,0.0,60.5,38.67571555030983,2339.8807907937444,1,7_spike,0
3.483609199523926,6845,20,0.1833478526065224,0.1404474244584687,342.25,5.741172116187207,1964.916156765072,1,7_spike,0
59.89801001548767,14846,147,0.4102603425718333,0.0424802741522185,100.99319727891157,2.4541716821976323,247.8546448565037,1,7_spike,1
18.941415071487427,378,7,3.1569025119145717,10.57001693211804,54.0,0.3695605620583819,19.956270351152625,1,7_spike,1
1.6488358974456787,18766,31,0.0549611965815226,0.0582657105027597,605.3548387096774,18.80114330845426,11381.36307504686,1,7_spike,0
37.56838917732239,6922,22,1.788970913205828,15.80325671509202,314.6363636363636,0.5855987036377908,184.25064666276307,1,7_spike,1
3.880490064620972,6928,21,0.1940245032310485,0.142627572605425,329.9047619047619,5.411687609114181,1785.341512187764,1,7_spike,0
3.574954032897949,6874,20,0.1881554754156815,0.1593959929689261,343.7,5.594477527809634,1922.8219263081712,1,7_spike,0
0.0065629482269287,238,2,0.0065629482269287,0.0,119.0,304.74109056562645,36264.18977730955,1,7_spike,0
38.4607720375061,6976,23,1.748216910795732,16.416693289111922,303.30434782608694,0.5980119165983174,181.379614356081,1,7_spike,1
3.3574349880218506,6874,20,0.1767071046327289,0.1395292200095357,343.7,5.956928450246387,2047.3963083496835,1,7_spike,0
3.396120071411133,6874,20,0.1787431616532175,0.1412795765951043,343.7,5.889073289358033,2024.074489552356,1,7_spike,0
37.27645397186279,6922,22,1.775069236755371,15.994738603787406,314.6363636363636,0.5901848930321042,185.69362861673756,1,7_spike,1
3.380460023880005,6874,20,0.1779189486252634,0.1376699969356618,343.7,5.916354537168736,2033.4510544248944,1,7_spike,0
3.471648931503296,6874,20,0.1827183648159629,0.1534744674761812,343.7,5.760951177554577,1980.038919725508,1,7_spike,0
39.87203812599182,7005,23,1.8123653693632649,17.829530155903615,304.5652173913044,0.5768453553169819,175.68703104328077,1,7_spike,1
3.4389710426330566,6874,20,0.1809984759280556,0.1459277217121864,343.7,5.815693052386667,1998.853702105297,1,7_spike,0
3.780174970626831,6874,20,0.1989565774014121,0.2030916921081551,343.7,5.2907603895074695,1818.4343458737171,1,7_spike,0
3.6947340965271,6928,21,0.1847367048263549,0.1273893833090818,329.9047619047619,5.683764907395948,1875.1011084971008,1,7_spike,0
0.0059609413146972,222,2,0.0059609413146972,0.0,111.0,335.51747860171184,37242.44012479002,1,7_spike,0
0.0057930946350097,172,2,0.0057930946350097,0.0,86.0,345.2386204625895,29690.5213597827,1,7_spike,0
31.2095410823822,17944,64,0.4953895409901936,9.630343609838532,280.375,2.050654952953731,574.9523824344022,1,7_spike,0
30.0456018447876,12302,75,0.4060216465511838,1.2973159025720506,164.02666666666667,2.496205613967797,409.44428617375786,1,7_spike,1
3.771649122238159,6791,19,0.2095360623465644,0.2144580615842432,357.42105263157896,5.037584193071779,1800.5386450079184,1,7_spike,0
3.8563640117645264,6845,20,0.202966526934975,0.1386850232662545,342.25,5.186232404147127,1774.9880403193542,1,7_spike,0
23.423178911209103,6791,19,1.3012877172893949,24.32923586127491,357.42105263157896,0.8111623137074531,289.9264880203849,1,7_spike,1
0.0059459209442138,304,2,0.0059459209442138,0.0,152.0,336.365050723766,51127.48771001243,1,7_spike,1
0.1548840999603271,162,3,0.0774420499801635,0.0059859766901269,54.0,19.36932196893313,1045.9433863223892,1,7_spike,0
0.1601531505584716,162,3,0.0800765752792358,0.0064047379676281,54.0,18.73206983152482,1011.5317709023404,1,7_spike,0
30.05420184135437,12410,76,0.4007226912180582,1.0967189979398535,163.28947368421052,2.5287645435129984,412.9206313815304,1,7_spike,1
90.26390790939332,618254,1203,0.075094765315635,0.4595256484203699,513.9268495428097,13.32758605142122,6849.404311417603,1,7_spike,1
3.4328978061676025,6874,20,0.180678831903558,0.1505812231637054,343.7,5.825981759220348,2002.3899306440333,1,7_spike,0
3.68721604347229,6874,20,0.1940640022880152,0.1857753629057452,343.7,5.42414650082879,1864.2791523348556,1,7_spike,0
3.946359157562256,6874,20,0.2077031135559082,0.1962774162660887,343.7,5.067962443731147,1741.8586919103952,1,7_spike,0
135.40741205215454,17009,65,2.1157408133149147,78.82483302632646,261.67692307692306,0.4800328062910183,125.61350772621432,1,7_spike,1
98.2183768749237,161891,198,0.4985704409894604,13.046700061649853,817.6313131313132,2.015916026103173,1648.276067585196,1,7_spike,1
201.8828649520874,88790,119,1.7108717368820967,47.43564303358235,746.1344537815127,0.5894507194963877,439.8094906225569,1,7_spike,1
136.48440098762512,18985,52,2.676164725247552,106.55802456378292,365.09615384615387,0.3809959205866667,139.1001452372667,1,7_spike,1
4.02744197845459,6928,21,0.2013720989227295,0.1981463395233993,329.9047619047619,5.2142278181393245,1720.19858686044,1,7_spike,0
3.9263100624084473,6928,21,0.1963155031204223,0.1710564866540033,329.9047619047619,5.34853327073164,1764.506595220419,1,7_spike,0
3.8077001571655273,6874,20,0.2004052714297646,0.1843859868710979,343.7,5.252514424583292,1805.2892077292772,1,7_spike,0
3.9082229137420654,6874,20,0.2056959428285297,0.196999318996267,343.7,5.11741536790958,1758.8556619505223,1,7_spike,0
59.97748112678528,15050,149,0.4052532508566573,0.0399513736693864,101.00671140939598,2.4842657144109084,250.92751007975957,1,7_spike,1
35.307250022888184,7005,23,1.604875001040372,13.213025888990048,304.5652173913044,0.6514242821259113,198.40117809965253,1,7_spike,1
3.7391490936279297,6874,20,0.1967973207172594,0.1642080438936664,343.7,5.348810517901786,1838.386175002844,1,7_spike,0
3.640671968460083,6791,19,0.2022595538033379,0.1633847415297172,357.42105263157896,5.2188167911311565,1865.314990977457,1,7_spike,0
0.030250072479248,238,2,0.030250072479248,0.0,119.0,66.11554406595312,7867.749743848421,1,7_spike,0
3.708130836486816,6874,20,0.1951647808677271,0.180830360189776,343.7,5.393552946731659,1853.7641477916711,1,7_spike,0
3.87480092048645,6874,20,0.2039368905519184,0.1967208763086381,343.7,5.161555499343992,1774.02662512453,1,7_spike,0
3.9530091285705566,6874,20,0.2080531120300293,0.1964469230251241,343.7,5.059436836472012,1738.9284406954305,1,7_spike,0
4.043292999267578,6791,19,0.2246273888481987,0.2120949416578508,357.42105263157896,4.699140033492935,1679.5715772342382,1,7_spike,0
43.13359808921814,7005,23,1.960618094964461,20.874216931863543,304.5652173913044,0.5332270206725271,162.40240347004578,1,7_spike,1
30.02527904510498,13381,73,0.4170177645153469,1.292941300542132,183.3013698630137,2.431284648190512,445.6578065402361,1,7_spike,0
1.186283826828003,24013,33,0.037071369588375,0.0082900483915717,727.6666666666666,27.81796333533308,20242.20465367737,1,7_spike,0
0.0057580471038818,156,2,0.0057580471038818,0.0,78.0,347.339985921908,27092.518901908825,1,7_spike,0
1.753188133239746,8240,34,0.0531269131284771,0.006303646560613,242.35294117647055,19.393241007838004,4700.00899719368,1,7_spike,0
73.81132292747498,7191,19,4.100629051526387,116.68726583918485,378.4736842105263,0.2574130803571816,97.4240768867628,1,7_spike,1
3.4304819107055664,6874,20,0.1805516795108193,0.1591526576603979,343.7,5.830084670490651,2003.8001012476368,1,7_spike,0
3.779895067214966,6791,19,0.2099941704008314,0.1854020272331881,357.42105263157896,5.0265945647002415,1796.6107204673335,1,7_spike,0
38.67648720741272,6922,22,1.8417374860672724,16.55110996790195,314.6363636363636,0.5688210483547609,178.97178621416612,1,7_spike,1
0.0061850547790527,222,2,0.0061850547790527,0.0,111.0,323.3601110168838,35892.972322874106,1,7_spike,0
0.0053391456604003,271,2,0.0053391456604003,0.0,135.5,374.5917656515138,50757.18424578012,1,7_spike,1
123.68992900848389,132815,201,0.6184496450424194,5.526825573061803,660.7711442786069,1.625031250411773,1073.7737588230827,1,7_spike,1
42.52293491363525,6976,23,1.9328606778925117,19.463843918841885,303.30434782608694,0.5408845849119625,164.0526462759065,1,7_spike,1
37.24069404602051,7005,23,1.6927588202736594,14.684870740628831,304.5652173913044,0.617603956885915,188.1006833906885,1,7_spike,1
35.00438594818115,6922,22,1.6668755213419597,13.449372089205664,314.6363636363636,0.6284926703918694,197.74664838420543,1,7_spike,1
4.225356817245483,6874,20,0.222387200907657,0.271014699588934,343.7,4.733328063175983,1626.8448553135854,1,7_spike,0
4.433058977127075,6845,20,0.2333188935330039,0.2041765850255543,342.25,4.511557392579822,1544.080517610444,1,7_spike,0
4.075850009918213,6791,19,0.2264361116621229,0.1997448173366547,357.42105263157896,4.661604316588004,1666.1555217867965,1,7_spike,0
3.9555718898773193,6874,20,0.2081879942040694,0.1938995242706802,343.7,5.056158896057958,1737.8018125751205,1,7_spike,0
4.084197998046875,6791,19,0.2268998887803819,0.2255822339885999,357.42105263157896,4.652076125860226,1662.7499458272,1,7_spike,0
4.078387022018433,6845,20,0.2146519485272859,0.1831090934659113,342.25,4.903899480854519,1678.3595973224592,1,7_spike,0
36.36247706413269,6922,22,1.7315465268634616,14.678213035314512,314.6363636363636,0.6050192884604226,190.36106885104755,1,7_spike,1
36.30690407752991,7005,23,1.6503138217059048,14.093473118797432,304.5652173913044,0.6334883291311677,192.93851067668825,1,7_spike,1
55.76619696617127,7005,23,2.5348271348259668,31.58829833090134,304.5652173913044,0.4124362293156228,125.6137298415625,1,7_spike,1
47.96059012413025,16012,56,0.8720107295296409,16.80286534925123,285.92857142857144,1.1676253326963322,333.85744334167265,1,7_spike,1
30.019322872161865,13088,70,0.4350626503211864,1.364275119246526,186.97142857142856,2.3318314106582942,435.9858500385108,1,7_spike,0
60.00569796562195,14916,148,0.40820202697702,0.0381930168653368,100.7837837837838,2.4664324392125416,248.5763936709073,1,7_spike,1
0.0061328411102294,349,2,0.0061328411102294,0.0,174.5,326.11312832873307,56906.74089336392,1,7_spike,0
0.0162310600280761,278,2,0.0162310600280761,0.0,139.0,123.2205411439819,17127.655219013486,1,7_spike,0
1.7302591800689695,12427,29,0.0617949707167489,0.0130303414448435,428.5172413793104,16.760494805664912,7182.160998275789,1,7_spike,0
1.4667179584503174,9289,21,0.0733358979225158,0.0164772746763644,442.3333333333333,14.317681104953444,6333.18760875774,1,7_spike,0
3.922431945800781,6928,21,0.196121597290039,0.1701431363164852,329.9047619047619,5.353821376679809,1766.251166554177,1,7_spike,0
0.0071768760681152,238,2,0.0071768760681152,0.0,119.0,278.67277921732773,33162.060726862,1,7_spike,0
3.795124053955078,6928,21,0.1897562026977539,0.1726568269069537,329.9047619047619,5.533415957276787,1825.500273905409,1,7_spike,0
3.8080861568450928,6874,20,0.2004255872023733,0.1815002599380911,343.7,5.251982013077539,1805.1062178947504,1,7_spike,0
3.769632816314697,6791,19,0.2094240453508165,0.1675328612606101,357.42105263157896,5.040278702416155,1801.5017193741112,1,7_spike,0
3.62191104888916,6791,19,0.2012172804938422,0.1617033301865213,357.42105263157896,5.245849426872948,1874.9770240996943,1,7_spike,0
33.314048051834106,7005,23,1.5142749114470049,11.747974674722396,304.5652173913044,0.6903994364243505,210.27165444141636,1,7_spike,0
144.81470704078674,25678,137,1.064814022358726,15.114993813822794,187.43065693430657,0.9460365096855408,177.3162444941994,1,7_spike,1
36.42176914215088,6922,22,1.734369959150042,14.84172135829903,314.6363636363636,0.6040343596198192,190.0511744221995,1,7_spike,1
36.04193305969238,7005,23,1.638269684531472,13.836202284376874,304.5652173913044,0.638145572322871,194.35694496181355,1,7_spike,1
4.058844089508057,7006,22,0.1932782899765741,0.1602962177566079,318.45454545454544,5.420262398565416,1726.1071983795136,1,7_spike,0
4.438736915588379,6874,20,0.2336177323993883,0.3220096927610985,343.7,4.505786303703221,1548.6387525827972,1,7_spike,0
4.447806119918823,6791,19,0.2471003399954902,0.1853235141766129,357.42105263157896,4.27176893230831,1526.8201483845123,1,7_spike,0
35.210599184036255,6922,22,1.6766951992398216,13.77730441629753,314.6363636363636,0.6248118609118796,196.5885318741832,1,7_spike,1
0.0062460899353027,296,2,0.0062460899353027,0.0,148.0,320.200320635163,47389.64745400412,1,7_spike,1
0.0058619976043701,240,2,0.0058619976043701,0.0,120.0,341.1806239069427,40941.67486883312,1,7_spike,1
5.258224010467529,14633,37,0.1460617780685424,0.6201356906746156,395.4864864864865,7.036596372909222,2782.878776345423,1,7_spike,0
4.102664947509766,6874,20,0.2159297340794613,0.2357932924413685,343.7,4.874880170787428,1675.496314699639,1,7_spike,0
125.45881915092468,11475,34,3.801782398512869,145.68526455993697,337.5,0.2710052607708559,91.46427551016389,1,7_spike,1
125.08694505691528,15850,36,3.5739127159118653,137.44193502438395,440.27777777777777,0.2877998178276701,126.71186423801588,1,7_spike,1
39.27402806282044,7059,24,1.707566437513932,15.91375303383365,294.125,0.6110908705776501,179.73710230865134,1,7_spike,1
38.2755241394043,6922,22,1.8226440066383,16.353519941478964,314.6363636363636,0.5747798493855556,180.846641702128,1,7_spike,1
0.0078918933868408,443,2,0.0078918933868408,0.0,221.5,253.42460952841304,56133.55101054349,1,7_spike,0
0.0085508823394775,403,2,0.0085508823394775,0.0,201.5,233.89399135647568,47129.63925832985,1,7_spike,0
10.20396089553833,5950,23,0.4638164043426513,4.170536909443698,258.69565217391306,2.254026670178315,583.1068994591728,1,7_spike,0
90.08485698699953,93529,92,0.989943483373621,43.54788553178128,1016.6195652173913,1.021259322344008,1038.2322082555731,1,7_spike,1
0.0073969364166259,240,2,0.0073969364166259,0.0,120.0,270.3822078968574,32445.86494762289,1,7_spike,0
4.377619028091431,9935,24,0.1903312620909317,0.6641066398122717,413.9583333333333,5.482432309890521,2269.498541615097,1,7_spike,0
40.809529066085815,6976,23,1.854978593912992,18.162970051932813,303.30434782608694,0.5635938597270858,170.9404680633109,1,7_spike,1
0.2774507999420166,10345,25,0.011560449997584,0.0003585340916623,413.8,90.1060656708312,37285.889974589954,1,7_spike,0
41.543482065200806,6922,22,1.978261050723848,19.707207277602837,314.6363636363636,0.5295656239280062,166.62060221952996,1,7_spike,1
0.0205130577087402,405,2,0.0205130577087402,0.0,202.5,97.49887259118064,19743.52169971408,1,7_spike,0
0.0201261043548584,365,2,0.0201261043548584,0.0,182.5,99.37342889296926,18135.65077296689,1,7_spike,0
6.974248886108398,6052,22,0.3321070898146856,1.9769092381627065,275.09090909090907,3.154461556974332,867.7636974003935,1,7_spike,0
0.0308320522308349,405,2,0.0308320522308349,0.0,202.5,64.86756006464634,13135.680913090884,1,7_spike,0
0.0306859016418457,365,2,0.0306859016418457,0.0,182.5,65.17651080757696,11894.713222382796,1,7_spike,0
5.43949818611145,77935,85,0.064755930787041,0.2943135328495366,916.8823529411764,15.626441464219734,14327.608417811352,1,7_spike,0
0.312824010848999,5683,20,0.0164644216236315,0.0006371306058313,284.15,63.93371130854163,18166.764068322107,1,7_spike,0
3.703223943710327,6791,19,0.2057346635394626,0.1600587469186432,357.42105263157896,5.130664601656133,1833.807542623516,1,7_spike,0
10.29113507270813,21835,42,0.2510032944562959,0.7410842262292996,519.8809523809524,4.081182464642127,2121.729026558592,1,7_spike,0
33.99401307106018,7005,23,1.5451824123209172,12.106769196285562,304.5652173913044,0.6765897263121424,206.0656970789808,1,7_spike,1
39.16838097572327,7059,24,1.7029730859010117,15.761138132444616,294.125,0.6127391381041587,180.2218989948857,1,7_spike,1
3.96130108833313,6791,19,0.2200722826851738,0.1805881936555583,357.42105263157896,4.796403902737669,1714.335731762711,1,7_spike,0
3.850382089614868,6874,20,0.2026516889270983,0.1916379170524529,343.7,5.1942896924290665,1785.2773672878702,1,7_spike,0
4.072026968002319,6874,20,0.2143172088422273,0.2201942481804733,343.7,4.911558827374792,1688.102768968716,1,7_spike,0
0.0082619190216064,375,2,0.0082619190216064,0.0,187.5,242.07451014342192,45388.970651891614,1,7_spike,0
1.387095928192139,7731,18,0.0815938781289493,0.0153986530318134,429.5,12.97675210067134,5573.515027238342,1,7_spike,0
4.006449937820435,6845,20,0.2108657862010755,0.1701469068637917,342.25,4.991950557325642,1708.4950782447008,1,7_spike,0
3.831449031829834,6874,20,0.2016552122015702,0.1878882225748769,343.7,5.219957210405157,1794.0992932162526,1,7_spike,0
38.65235495567322,7059,24,1.680537171985792,15.95154376018193,294.125,0.6209194763817978,182.62794099079628,1,7_spike,1
3.196624994277954,6874,20,0.1682434207514712,0.123659535256069,343.7,6.25659876770048,2150.392996458655,1,7_spike,0
3.181962013244629,6791,19,0.1767756674024793,0.115266593286466,357.42105263157896,5.971158650202051,2134.217810185375,1,7_spike,0
60.06195902824402,14630,145,0.417096937696139,0.0400593225353327,100.89655172413794,2.414173669090847,243.58179847447653,1,7_spike,1
4.178547143936157,6874,20,0.2199235338913767,0.3291110615744561,343.7,4.786352603206521,1645.0693897220813,1,7_spike,0
58.38404393196106,7005,23,2.653820178725503,33.16444237849552,304.5652173913044,0.3939432497482271,119.9814114994057,1,7_spike,1
29.93403005599976,13649,42,0.7300982940487746,16.139937794339875,324.9761904761905,1.4030853821362363,455.969342399464,1,7_spike,1
89.01081490516663,160328,220,0.4064420771925416,10.052759283529294,728.7636363636364,2.471609772749425,1801.2193256607718,1,7_spike,1
0.0056371688842773,238,2,0.0056371688842773,0.0,119.0,354.78802233124685,42219.77465741837,1,7_spike,1
3.768320083618164,6845,20,0.1983326359799033,0.1184078797919998,342.25,5.307404773534243,1816.4592837420944,1,7_spike,0
35.93316292762756,7005,23,1.6333255876194348,14.454722045663054,304.5652173913044,0.6400772469243509,194.9452658567425,1,7_spike,1
3.290851831436157,6874,20,0.173202727970324,0.1369909148550881,343.7,6.077453809663567,2088.820874381368,1,7_spike,0
3.399531126022339,6791,19,0.1888628403345743,0.1416605764583541,357.42105263157896,5.589006041027538,1997.628422348316,1,7_spike,0
40.82541298866272,7005,23,1.85570059039376,18.972527787215927,304.5652173913044,0.5633745825519789,171.5843022076788,1,7_spike,1
3.1211750507354736,6874,20,0.1642723710913407,0.1234279349048203,343.7,6.407843095915816,2202.375672066266,1,7_spike,0
35.735111951828,7059,24,1.5537005196446958,13.672448187322331,294.125,0.6716083618921557,197.5368094415303,1,7_spike,1
3.2410900592803955,6791,19,0.1800605588489108,0.1175838539056321,357.42105263157896,5.862225255233569,2095.282721489009,1,7_spike,0
0.0121419429779052,367,2,0.0121419429779052,0.0,183.5,164.71828303257604,30225.804936477703,1,7_spike,0
0.0117771625518798,307,2,0.0117771625518798,0.0,153.5,169.82019150960585,26067.399396724497,1,7_spike,0
8.339686155319214,23093,43,0.1985639560790289,0.4579215845854331,537.046511627907,5.156069329128623,2769.049046920169,1,7_spike,0
8.204272031784058,10456,22,0.3906796205611456,2.012623211602582,475.27272727272725,2.6815298072479927,1274.457984753864,1,7_spike,0
3.31181001663208,6928,21,0.165590500831604,0.1383516199477747,329.9047619047619,6.340943440154152,2091.907435875617,1,7_spike,0
41.145352840423584,7005,23,1.8702433109283447,18.296217204466927,304.5652173913044,0.5589938695920834,170.25008941271932,1,7_spike,1
4.537888050079346,6928,21,0.2268944025039672,0.1934079513914008,329.9047619047619,4.6277034092176015,1526.7013913837875,1,7_spike,0
3.453716993331909,6928,21,0.1726858496665954,0.1136061217575813,329.9047619047619,6.080405557416747,2005.9547477039632,1,7_spike,0
1.1474320888519287,18113,29,0.0409797174589974,0.0088796226557176,624.5862068965517,25.273826905970665,15785.68368096023,1,7_spike,0
58.29639196395874,10927,27,2.242168921690721,41.13693525562912,404.7037037037037,0.4631504470584136,187.4387012965661,1,7_spike,1
3.091602087020874,6874,20,0.1627158993168881,0.1246771557079029,343.7,6.469137824677941,2223.4426703418085,1,7_spike,0
3.277523994445801,6845,20,0.1725012628655684,0.1254222092940443,342.25,6.102167378146629,2088.466785170684,1,7_spike,0
7.092516899108887,17491,38,0.1916896459218618,0.3738849719664187,460.2894736842105,5.357759528888027,2466.120313678434,1,7_spike,0
6.875717878341675,10328,22,0.3274151370638892,1.2529583796482184,469.45454545454544,3.199665895149568,1502.0976984138515,1,7_spike,0
37.61154103279114,7005,23,1.7096155014905063,15.86083959243858,304.5652173913044,0.6115144279769804,186.24602469472816,1,7_spike,1
3.210012912750244,6874,20,0.1689480480394865,0.1270960872935405,343.7,6.230504531791616,2141.4244075767783,1,7_spike,0
3.2156529426574707,6791,19,0.1786473857031928,0.1222315686031658,357.42105263157896,5.908597830305056,2111.8572560842968,1,7_spike,0
3.192949056625366,6791,19,0.1773860587014092,0.1217044364212033,357.42105263157896,5.95061169565954,2126.8738960644177,1,7_spike,0
3.1356799602508545,6874,20,0.1650357873816239,0.1160240429927017,343.7,6.378201938185043,2192.1880061541992,1,7_spike,0
36.46911096572876,7005,23,1.65768686207858,14.852794605605643,304.5652173913044,0.6306707070982308,192.08036100970028,1,7_spike,1
3.270756959915161,6874,20,0.1721451031534295,0.1210941416886181,343.7,6.114792460922799,2101.654168819166,1,7_spike,0
0.0332329273223876,321,2,0.0332329273223876,0.0,160.5,60.18127685828868,9659.094935755333,1,7_spike,0
0.7036700248718262,6893,24,0.0305943489074707,0.0019851622623669,287.2083333333333,34.106895493198834,9795.784609775816,1,7_spike,0
36.3261981010437,6922,22,1.7298189571925573,15.342240401312589,314.6363636363636,0.6056235210413585,190.55118239310383,1,7_spike,1
43.862247943878174,11010,109,0.4061319254062794,0.0390318124858362,101.0091743119266,2.4850527528699784,251.0131266889767,1,7_spike,1
3.3169138431549072,6791,19,0.1842729912863837,0.1366901057344843,357.42105263157896,5.728216317469377,2047.3851058912917,1,7_spike,0
3.41655707359314,6874,20,0.1798187933470073,0.1338021070651899,343.7,5.85384630468541,2011.966974920376,1,7_spike,0
0.0202720165252685,238,2,0.0202720165252685,0.0,119.0,98.65816740564762,11740.321921272069,1,7_spike,0
37.81088900566101,7005,23,1.718676772984591,16.095984107887666,304.5652173913044,0.6082903789053059,185.26409148833335,1,7_spike,1
3.2920138835906982,6791,19,0.1828896601994832,0.1351505994978655,357.42105263157896,5.771543095461108,2062.8710084882305,1,7_spike,0
3.373544931411743,6845,20,0.1775549963900917,0.1217980489847462,342.25,5.928481880818024,2029.0229237099684,1,7_spike,0
3.2452480792999268,6874,20,0.1708025304894698,0.1242875288399273,343.7,6.162857048609501,2118.1739676070856,1,7_spike,0
3.6300768852233887,6874,20,0.191056678169652,0.1902303167010298,343.7,5.509525178767456,1893.6238039423747,1,7_spike,0
4.16719388961792,17083,32,0.1344256093425135,0.1985117027745003,533.84375,7.67902834560309,4099.401288373049,1,7_spike,0
0.0063748359680175,307,2,0.0063748359680175,0.0,153.5,313.7335627197247,48158.10187747775,1,7_spike,1
1.9019200801849363,21119,33,0.0594350025057792,0.0163126540560404,639.969696969697,17.350886792672796,11104.041762862327,1,7_spike,0
3.893031120300293,10412,20,0.204896374752647,0.3257061968703705,520.6,5.13738508169369,2674.522673529735,1,7_spike,0
29.856593132019043,6814,20,1.571399638527318,20.173185381121428,340.7,0.6698687928513666,228.2242977244606,1,7_spike,1
5.7377028465271,51505,62,0.0940607024020836,0.158847912760383,830.7258064516129,10.805718186944308,8976.58895513817,1,7_spike,0
0.8836879730224609,6262,12,0.0803352702747691,0.0171412057976398,521.8333333333334,13.579453796294898,7086.211639366554,1,7_spike,0
0.0095291137695312,322,2,0.0095291137695312,0.0,161.0,209.8831064851881,33791.18014411529,1,7_spike,0
0.0131599903106689,253,2,0.0131599903106689,0.0,126.5,151.97579578600286,19224.93816692936,1,7_spike,0
6.8671040534973145,31546,66,0.1056477546691894,0.2870545243385168,477.969696969697,9.611038290061613,4593.785059064904,1,7_spike,0
0.0092940330505371,240,2,0.0092940330505371,0.0,120.0,215.19183212764867,25823.01985531784,1,7_spike,0
0.0054850578308105,316,2,0.0054850578308105,0.0,158.0,364.6269668782057,57611.0607667565,1,7_spike,0
4.89910888671875,24813,45,0.1113433837890625,0.3576485980718034,551.4,9.18534391468474,5064.798634557165,1,7_spike,0
1.466048002243042,13954,27,0.0563864616247323,0.0133140106792031,516.8148148148148,18.41685944709192,9518.10580461928,1,7_spike,0
1.18218994140625,14193,26,0.04728759765625,0.0100733737093973,545.8846153846154,21.993081728535287,12005.6849605039,1,7_spike,0
0.0042450428009033,292,2,0.0042450428009033,0.0,146.0,471.1377702892446,68786.11446222971,1,7_spike,1
0.0040860176086425,221,2,0.0040860176086425,0.0,110.5,489.4741510094527,54086.89368654452,1,7_spike,1
0.0053019523620605,235,2,0.0053019523620605,0.0,117.5,377.2195341307672,44323.29526036514,1,7_spike,0
0.0050990581512451,164,2,0.0050990581512451,0.0,82.0,392.2292981717866,32162.8024500865,1,7_spike,1
0.8254280090332031,8576,14,0.0634944622333233,0.0127196417980665,612.5714285714286,16.960897675858785,10389.76131915464,1,7_spike,0
6.3649749755859375,12990,33,0.1989054679870605,0.6740274736766239,393.6363636363636,5.18462368298033,2040.856413391348,1,7_spike,0
6.13597583770752,17627,41,0.1533993959426879,0.5632351086997609,429.9268292682927,6.681903756537303,2872.7296955239767,1,7_spike,0
0.0064401626586914,156,2,0.0064401626586914,0.0,78.0,310.5511624463202,24222.99067081297,1,7_spike,0
1.956561088562012,8243,34,0.0592897299564246,0.0084840970711429,242.44117647058823,17.377428284127095,4213.004157237048,1,7_spike,0
6.099255084991455,9232,21,0.3049627542495727,1.1796140305839942,439.6190476190476,3.443043405689832,1513.6274629204058,1,7_spike,0
0.0039820671081542,349,2,0.0039820671081542,0.0,174.5,502.25170638246914,87642.92276374086,1,7_spike,1
0.003976821899414,278,2,0.003976821899414,0.0,139.0,502.9141486810552,69905.06666666667,1,7_spike,1
5.662514925003052,48816,68,0.0845151481343739,0.2203919844568927,717.8823529411765,12.008798369739106,8620.904429664473,1,7_spike,0
0.0058410167694091,297,2,0.0058410167694091,0.0,148.5,342.4061390260827,50847.31164537328,1,7_spike,1
1.213818073272705,11614,24,0.0527746988379437,0.0111485193974426,483.9166666666667,19.77232052188103,9568.155439213597,1,7_spike,0
0.5673649311065674,8569,14,0.0436434562389667,0.0099040487550737,612.0714285714286,24.675476456916225,15103.154125665367,1,7_spike,0
7.5522918701171875,330,5,1.8880729675292969,2.247934549384098,66.0,0.6620506842146735,43.69534515816845,1,7_spike,0
5.351166963577271,9156,20,0.2816403665040669,0.8811402501828048,457.8,3.7375025178862935,1711.0286526883451,1,7_spike,0
0.0056910514831542,307,2,0.0056910514831542,0.0,153.5,351.4289065772937,53944.33715961458,1,7_spike,1
1.4390161037445068,12635,23,0.0654098228974775,0.0123242299272739,549.3478260869565,15.983142885024714,8780.304797925533,1,7_spike,0
0.0137031078338623,388,2,0.0137031078338623,0.0,194.0,145.95229230100043,28314.744706394085,1,7_spike,0
5.948369979858398,70919,86,0.0699808232924517,0.05319511942046,824.6395348837209,14.45774225396236,11922.42584777624,1,7_spike,0
0.1156339645385742,375,2,0.1156339645385742,0.0,187.5,17.295956322009715,3242.991810376822,1,7_spike,0
0.0776560306549072,375,2,0.0776560306549072,0.0,187.5,25.75459990850841,4828.987482845327,1,7_spike,0
3.5849850177764893,38738,61,0.0597497502962748,0.0199894870620768,635.0491803278688,17.015412811357844,10805.623958793116,1,7_spike,0
1.4200401306152344,7692,19,0.078891118367513,0.0129902780784239,404.8421052631579,13.379903560731218,5416.748325744449,1,7_spike,0
1.3843560218811035,7691,19,0.0769086678822835,0.0127221036648153,404.7894736842105,13.724793116572892,5555.651782082216,1,7_spike,0
3.3611040115356445,10220,20,0.1769002111334549,0.2003412624582028,511.0,5.950425792048685,3040.667579736878,1,7_spike,0
1.3453009128570557,7691,19,0.0747389396031697,0.0125440204625625,404.7894736842105,14.123234302762148,5716.936580133878,1,7_spike,0
1.3708651065826416,7692,19,0.0761591725879245,0.0122436031035755,404.8421052631579,13.85986112620819,5611.055356989125,1,7_spike,0
1.8072600364685056,9138,21,0.0903630018234253,0.0174959232456211,435.1428571428572,11.619799904962903,5056.272930073858,1,7_spike,0
0.0353789329528808,316,2,0.0353789329528808,0.0,158.0,56.53081744052834,8931.869155603477,1,7_spike,0
0.0058569908142089,316,2,0.0058569908142089,0.0,158.0,341.47227875926075,53952.6200439632,1,7_spike,0
1.2500839233398438,15366,29,0.0446458544049944,0.0091696032814389,529.8620689655172,23.19844248738183,12291.974733141697,1,7_spike,0
1.266045093536377,15408,29,0.0452158961977277,0.0097966145913003,531.3103448275862,22.905977163100747,12170.182625139872,1,7_spike,0
2.945176124572754,16836,28,0.1090805972063982,0.1574539126922607,601.2857142857143,9.507071501220274,5716.466278376591,1,7_spike,0
0.0052089691162109,222,2,0.0052089691162109,0.0,111.0,383.95313072134746,42618.79751006957,1,7_spike,1
0.0095710754394531,172,2,0.0095710754394531,0.0,86.0,208.9629334396174,17970.812275807093,1,7_spike,0
0.175724983215332,9238,20,0.0092486833271227,0.0002442424266721,461.9,113.81420919239557,52570.78322596751,1,7_spike,0
1.8828651905059812,9218,31,0.062762173016866,0.0098522323024609,297.35483870967744,16.464269537889425,4895.730212911765,1,7_spike,0
5.665446043014526,1420,14,0.4358035417703482,0.0497752011900433,101.42857142857144,2.4711205249694235,250.6422246754701,1,8_session_replays,0
230.22665691375727,13893,157,1.475811903293316,5.994021219756991,88.49044585987261,0.6819366710381067,60.34488006835935,1,8_session_replays,1
10.08585000038147,2605,37,0.2801625000105964,0.4013597936253802,70.4054054054054,3.6685058769068126,258.2826434957364,1,8_session_replays,0
59.89858603477478,14674,145,0.4159624030192693,0.0405718489300123,101.2,2.420758311653945,244.9807411393793,1,8_session_replays,1
220.1192960739136,4947,51,4.402385921478271,40.14223775829677,97.0,0.2316925454044464,22.4741769042313,1,8_session_replays,1
0.1198871135711669,8982,15,0.0085633652550833,0.0001722395893109,598.8,125.1177007535155,74920.4792112051,1,8_session_replays,0
30.05582904815674,13236,71,0.4293689864022391,1.2234294253952998,186.4225352112676,2.362270556112119,440.3804659253522,1,8_session_replays,0
1.6629970073699951,4383,22,0.0791903336842854,0.0847484517556577,199.22727272727272,13.22912783516831,2635.603059161032,1,8_session_replays,0
1.420470952987671,24652,33,0.0443897172808647,0.0097189741682032,747.030303030303,23.23173165251372,17354.807536296004,1,8_session_replays,0
182.25238513946533,7689,27,7.009707120748667,197.3010663972049,284.77777777777777,0.1481462093313003,42.1887482795692,1,8_session_replays,1
145.84637212753296,5291,23,6.629380551251498,237.52234172884752,230.0434782608696,0.1577001859181525,36.2778992909976,1,8_session_replays,1
0.0189700126647949,238,2,0.0189700126647949,0.0,119.0,105.42955533770706,12546.11708518714,1,8_session_replays,0
3.9752800464630127,6711,19,0.2208488914701673,0.2665165244514036,353.2105263157895,4.779537486146458,1688.1829510278355,1,8_session_replays,0
0.0165729522705078,314,2,0.0165729522705078,0.0,157.0,120.67855909770977,18946.533778340432,1,8_session_replays,0
0.859004020690918,9086,20,0.0452107379311009,0.0056583010623657,454.3,23.282778099121717,10577.366090430996,1,8_session_replays,0
220.15317511558533,43584,120,1.8500266816435744,33.00291474600974,363.2,0.5450750366738855,197.9712533199552,1,8_session_replays,1
220.08156609535217,2568,36,6.288044745581491,85.7073618114341,71.33333333333333,0.1635757171248168,11.6684011549036,1,8_session_replays,1
4.247374057769775,6508,19,0.2359652254316541,0.3511734059049627,342.5263157894737,4.473352179858766,1532.2408413958344,1,8_session_replays,0
0.0082080364227294,316,2,0.0082080364227294,0.0,158.0,243.663636099573,38498.85450373254,1,8_session_replays,0
1.516296148300171,6839,23,0.0689225521954623,0.0111511768646297,297.3478260869565,15.16854080634837,4510.332633678978,1,8_session_replays,0
210.2506880760193,2392,32,6.782280260516751,154.2478471926597,74.75,0.1521992640919677,11.376894990874591,1,8_session_replays,1
0.0060009956359863,222,2,0.0060009956359863,0.0,111.0,333.27802940007945,36993.86126340882,1,8_session_replays,0
0.0054600238800048,271,2,0.0054600238800048,0.0,135.5,366.2987642461028,49633.48255534693,1,8_session_replays,1
156.05573987960815,125365,195,0.8044110303072586,8.47926794158687,642.8974358974359,1.2495535258775874,803.3347578033013,1,8_session_replays,1
42.24229693412781,6658,22,2.011537949244181,16.345502081494324,302.6363636363636,0.5208050129070056,157.61453526976564,1,8_session_replays,1
133.35476994514465,525,9,16.66934624314308,344.680395586557,58.333333333333336,0.0674891494597616,3.9368670518194304,1,8_session_replays,1
4.704974889755249,6848,21,0.2352487444877624,0.3163124922738852,326.0952380952381,4.463360696297449,1455.4806689640443,1,8_session_replays,0
0.4272470474243164,1445,8,0.061035292489188,0.0067897188002243,180.625,18.72452963274636,3382.1181649148107,1,8_session_replays,0
0.01397705078125,318,2,0.01397705078125,0.0,159.0,143.09170305676855,22751.5807860262,1,8_session_replays,0
1.6891870498657229,9777,27,0.0649687326871431,0.0125964902867179,362.1111111111111,15.98402024343384,5787.991330372321,1,8_session_replays,0
131.09145283699036,603,10,14.565716981887816,425.07106623512834,60.3,0.0762826239513479,4.599842224266281,1,8_session_replays,1
5.64832615852356,6591,20,0.2972803241328189,0.7018183188412941,329.55,3.540872010342244,1166.8943710082865,1,8_session_replays,0
48.799697160720825,6795,24,2.121725963509601,20.093684495722957,283.125,0.4918063307023501,139.24266738010286,1,8_session_replays,1
194.9787271022797,892,13,16.248227258523304,428.4606444698806,68.61538461538461,0.0666739402456997,4.574858053781862,1,8_session_replays,1
0.008307933807373,174,2,0.008307933807373,0.0,87.0,240.73374275383117,20943.83561958331,1,8_session_replays,0
0.0124809741973876,218,2,0.0124809741973876,0.0,109.0,160.2439015071921,17466.58526428394,1,8_session_replays,0
4.277379989624023,12742,32,0.1379799996652911,0.480931540484217,398.1875,7.481215154516295,2978.9263593389574,1,8_session_replays,0
0.0059030055999755,235,2,0.0059030055999755,0.0,117.5,338.81045276465125,39810.22819984652,1,8_session_replays,0
0.0056960582733154,279,2,0.0056960582733154,0.0,139.5,351.1200033485413,48981.24046712151,1,8_session_replays,1
0.3774569034576416,447554,441,0.0008578565987673,0.0001311865713992,1014.8616780045352,1168.3453023650666,1185708.874046927,1,8_session_replays,1
4.529132843017578,6794,20,0.2383754127903988,0.3554057888308946,339.7,4.415856344517112,1500.0664002324631,1,8_session_replays,0
30.037235975265503,11872,69,0.4417240584597868,1.3733563756970906,172.05797101449275,2.297148780827198,395.2427583475434,1,8_session_replays,0
41.9971399307251,6722,23,1.9089609059420496,19.00233064324169,292.2608695652174,0.5476563413113092,160.05851853454874,1,8_session_replays,1
9.254815816879272,6664,21,0.4627407908439636,2.684891555033212,317.3333333333333,2.269088917112692,720.0575496970941,1,8_session_replays,0
0.0077021121978759,316,2,0.0077021121978759,0.0,158.0,259.6690295619873,41027.706670794,1,8_session_replays,0
1.4139502048492432,16456,28,0.0523685261055275,0.0119969969776218,587.7142857142857,19.802677565286245,11638.316500512516,1,8_session_replays,0
4.537590026855469,6794,20,0.2388205277292352,0.3618214251276324,339.7,4.407626048548048,1497.2705686917718,1,8_session_replays,0
42.85826921463013,6639,22,2.040869962601435,20.34683792685193,301.77272727272725,0.513319842428216,154.9059288127694,1,8_session_replays,1
10.347123861312866,6527,19,0.5748402145173814,3.595125688367161,343.5263157894737,1.836259066255078,630.803311865626,1,8_session_replays,0
5.425235033035278,6765,20,0.2855386859492251,0.3582800071024566,338.25,3.686476231576371,1246.950585330707,1,8_session_replays,0
0.009174108505249,330,2,0.009174108505249,0.0,165.0,218.00483380545236,35970.79757789963,1,8_session_replays,0
1.1427319049835205,11083,27,0.0439512271147507,0.0054950511198688,410.4814814814815,23.62758918539985,9698.687812658762,1,8_session_replays,0
60.06122779846192,187005,842,0.0714164420909178,0.0225096971042163,222.09619952494063,14.019027430231162,3113.572713290236,1,8_session_replays,1
4.63764500617981,6508,19,0.2576469447877672,0.3522555729287744,342.5263157894737,4.096906937612063,1403.298439472595,1,8_session_replays,0
0.1713020801544189,9257,20,0.0090158989554957,0.0002743208261211,462.85,116.7528145716103,54039.04022446983,1,8_session_replays,0
30.01733493804932,13266,70,0.4350338396818741,1.3702227143623802,189.5142857142857,2.331985838998303,441.94463057359263,1,8_session_replays,0
9.636976957321169,6610,20,0.5072093135432193,2.90649822266239,330.5,2.07533960998071,685.8997410986246,1,8_session_replays,0
0.0058050155639648,238,2,0.0058050155639648,0.0,119.0,344.52965335961886,40999.02874979464,1,8_session_replays,1
5.011074066162109,6794,20,0.2637407403243215,0.4556839989304371,339.7,3.991160325298811,1355.797162504006,1,8_session_replays,0
4.972132205963135,6574,20,0.2616911687349018,0.3380653172430958,328.7,4.02241918990283,1322.16918772106,1,8_session_replays,0
42.19109487533569,6741,23,1.917777039787986,15.784035230990536,293.0869565217391,0.5451387328999009,159.7730521077492,1,8_session_replays,1
4.6925108432769775,6794,20,0.2469742549093146,0.348624585772905,339.7,4.262110556154444,1447.8389559256648,1,8_session_replays,0
4.554574966430664,6591,20,0.2397144719174033,0.3481865790396893,329.55,4.391189111477866,1447.1163716875308,1,8_session_replays,0
9.270709991455078,6610,20,0.4879321048134251,2.668120516844495,330.5,2.1573320725633995,712.9982499822036,1,8_session_replays,0
30.12462592124939,13227,72,0.42429050593309,1.31388494654897,183.70833333333331,2.3900711726087343,439.0759916679962,1,8_session_replays,0
0.0065639019012451,156,2,0.0065639019012451,0.0,78.0,304.6968145000181,23766.35153100141,1,8_session_replays,0
1.9418480396270752,8243,34,0.0588438799886992,0.007545476648036,242.44117647058823,17.509094072329972,4244.925365829881,1,8_session_replays,0
37.114707946777344,6925,23,1.6870321793989702,14.856871371482937,301.0869565217391,0.6197004172303363,186.58371257913387,1,8_session_replays,1
0.0052120685577392,405,2,0.0052120685577392,0.0,202.5,383.7248067334523,77704.27336352409,1,8_session_replays,0
0.0060710906982421,365,2,0.0060710906982421,0.0,182.5,329.4300973923971,60120.99277411247,1,8_session_replays,0
5.560366153717041,78096,86,0.065416072396671,0.3047440825724875,908.093023255814,15.466607346084572,14045.11822441652,1,8_session_replays,0
4.429937124252319,6591,20,0.2331545854869642,0.4161028882743146,329.55,4.514736764661323,1487.831500794139,1,8_session_replays,0
10.070534944534302,6581,20,0.5300281549754896,2.994411145271865,329.05,1.98599181772909,653.4906076237571,1,8_session_replays,0
4.843979835510254,6765,20,0.2549463071321186,0.342204039014393,338.25,4.1288363451441255,1396.5788937450004,1,8_session_replays,0
4.698156118392944,6591,20,0.2472713746522602,0.3711804800669169,329.55,4.256989230668907,1402.8908009669383,1,8_session_replays,0
45.06226587295532,6795,24,1.9592289509980572,17.57673127586828,283.125,0.5325963871338281,150.79135210726506,1,8_session_replays,1
60.040372133255005,717374,3045,0.0197241695575739,0.0002302773948765,235.59080459770115,50.7158748656963,11948.19376548572,1,8_session_replays,1
5.220890998840332,6765,20,0.2747837367810701,0.4519474031079794,338.25,3.830763753627956,1295.7558396646562,1,8_session_replays,0
0.0240840911865234,238,2,0.0240840911865234,0.0,119.0,83.0423695256197,9882.041973548745,1,8_session_replays,0
39.60513401031494,6693,23,1.8002333641052246,15.882312141729498,291.0,0.5807327907035935,168.9932420947457,1,8_session_replays,1
0.0518031120300293,121,2,0.0518031120300293,0.0,60.5,38.60771914321744,2335.767008164656,1,8_session_replays,0
0.1801540851593017,9253,20,0.0094817939557527,0.0003376441406243,462.65,111.0160781661706,51361.58856357883,1,8_session_replays,0
0.8900821208953857,28379,44,0.0206995842068694,0.0028682923246872,644.9772727272727,49.43364097206876,31883.574935144075,1,8_session_replays,0
9.935972929000854,6581,20,0.5229459436316239,2.9289522377844377,329.05,2.012887931852605,662.3407739760996,1,8_session_replays,0
4.893689155578613,6794,20,0.2575625871357165,0.3946889235077365,339.7,4.086896278894377,1388.3186659404198,1,8_session_replays,0
4.664320945739746,6645,21,0.2332160472869873,0.3138631138374365,316.42857142857144,4.502263082728212,1424.6446754632843,1,8_session_replays,0
9.38896417617798,6527,19,0.5216091208987765,2.8819680454320777,343.5263157894737,2.023652411861097,695.1778574851252,1,8_session_replays,0
0.0060241222381591,222,2,0.0060241222381591,0.0,111.0,331.9985752166858,36851.84184905212,1,8_session_replays,0
0.0056061744689941,172,2,0.0056061744689941,0.0,86.0,356.7495109296589,30680.45793995067,1,8_session_replays,0
0.2017459869384765,14233,26,0.008069839477539,0.0002808998998983,547.4230769230769,128.87493027521202,70549.11086950357,1,8_session_replays,0
0.3487770557403564,5519,15,0.0249126468385968,0.0006100712011774,367.9333333333333,43.00741620792452,15823.862003435695,1,8_session_replays,0
0.2697620391845703,1866,10,0.0299735599093967,0.0018474924142964,186.6,37.0697079182369,6917.207497543006,1,8_session_replays,0
4.393674850463867,6711,19,0.2440930472479926,0.3331572204855839,353.2105263157895,4.32439828768714,1527.4229951930736,1,8_session_replays,0
4.823653936386108,6591,20,0.2538765229676899,0.4337505239989543,329.55,4.146234423894854,1366.391554394549,1,8_session_replays,0
9.770601987838743,6676,21,0.4885300993919372,2.6402450790102465,317.9047619047619,2.1493046207529733,683.2741737212785,1,8_session_replays,0
4.279093027114868,6794,20,0.2252154224797299,0.3083240555099832,339.7,4.673887637699894,1587.719630526654,1,8_session_replays,0
34.47812104225159,6722,23,1.567187320102345,12.193440550353284,292.2608695652174,0.6670897167457125,194.96422069411648,1,8_session_replays,1
9.335940837860107,6610,20,0.4913653072557951,2.710163214116897,330.5,2.1422586483082515,708.0164832658771,1,8_session_replays,0
33.921035051345825,6842,22,1.6152873833974202,12.2390729849795,311.0,0.6485651150296237,201.70375077421292,1,8_session_replays,1
4.43965220451355,6591,20,0.2336659055007131,0.3179510375471077,329.55,4.504857380419822,1484.5757497173524,1,8_session_replays,0
48.120502948760986,521319,2247,0.0214249790510957,0.0009657076638566,232.00667556742323,46.69527254095036,10833.614946940676,1,8_session_replays,1
0.0239760875701904,222,2,0.0239760875701904,0.0,111.0,83.41644541232859,9259.225440768474,1,8_session_replays,0
0.0233330726623535,172,2,0.0233330726623535,0.0,86.0,85.71524329184804,7371.510923098931,1,8_session_replays,0
9.425458908081056,6610,20,0.496076784635845,2.860595733123237,330.5,2.1219125981073144,701.2921136744674,1,8_session_replays,0
0.1674919128417968,9261,20,0.0088153638337787,0.0002938085248164,463.05,119.40875031316192,55292.221832509626,1,8_session_replays,0
30.595860958099365,10447,25,1.2748275399208069,11.02908957194928,417.88,0.8171039878314644,341.45141443501234,1,8_session_replays,0
0.8102059364318848,6358,12,0.0736550851301713,0.0145092080843102,529.8333333333334,14.811049216508495,7847.387576546752,1,8_session_replays,0
0.0063400268554687,238,2,0.0063400268554687,0.0,119.0,315.4560770156438,37539.27316486161,1,8_session_replays,1
5.048579931259155,6711,19,0.2804766628477309,0.4932873382310412,353.2105263157895,3.763434521925307,1329.2846882442493,1,8_session_replays,0
5.357975006103516,6645,21,0.2678987503051758,0.4055414655616208,316.42857142857144,3.919391183437387,1240.2073530448304,1,8_session_replays,0
8.22747802734375,6664,21,0.4113739013671875,1.6716527236293903,317.3333333333333,2.5524224957158435,809.9687386404944,1,8_session_replays,0
0.0062260627746582,367,2,0.0062260627746582,0.0,183.5,321.23029792448494,58945.759669142986,1,8_session_replays,0
0.0057840347290039,307,2,0.0057840347290039,0.0,153.5,345.77938994229186,53077.1363561418,1,8_session_replays,1
1.319032907485962,14381,28,0.0488530706476282,0.0095612413719745,513.6071428571429,21.227673578945943,10902.684776386484,1,8_session_replays,0
1.019860029220581,10240,18,0.05999176642474,0.0115918184036764,568.8888888888889,17.649480795669913,10040.593519314438,1,8_session_replays,0
13.202989101409912,17921,28,0.4889995963485152,2.537413778771972,640.0357142857143,2.1207318876760985,1357.344148537263,1,8_session_replays,0
0.6076278686523438,7021,17,0.0379767417907714,0.0042230226771025,413.0,27.977650264304454,11554.76955915774,1,9_stealth,0
0.258253812789917,1216,5,0.0645634531974792,0.0078092633062105,243.2,19.36079837886992,4708.546165741164,1,9_stealth,0
270.2082040309906,2990,40,6.928415487974118,156.7753016492346,74.75,0.1480339952794784,11.06554114714101,1,9_stealth,1
48.04616498947144,5422,57,0.857967231954847,0.0771508047328801,95.12280701754386,1.1863589947811788,112.8497977140974,1,9_stealth,1
0.2531919479370117,108,2,0.2531919479370117,0.0,54.0,7.899145357093084,426.5538492830265,1,9_stealth,0
0.2522571086883545,162,3,0.1261285543441772,0.0158904947200113,54.0,11.892628182408464,642.2019218500571,1,9_stealth,0
36.78212380409241,175,3,18.391061902046204,336.2465225255154,58.333333333333336,0.0815613588812459,4.757745934739346,1,9_stealth,1
15.623378992080688,1969,28,0.5786436663733588,1.519144759672807,70.32142857142857,1.7921859294454086,126.02907482421465,1,9_stealth,0
278.659903049469,6821,80,3.527340544929987,22.109488241566293,85.2625,0.2870883077347444,24.477866838233645,1,9_stealth,1
280.0388309955597,8432,97,2.917071156203747,28.85925692124844,86.9278350515464,0.3463805346392766,30.11010998018949,1,9_stealth,1
0.0073339939117431,238,2,0.0073339939117431,0.0,119.0,272.70270797438315,32451.622248951597,1,9_stealth,0
28.73135495185852,6899,20,1.5121765764136064,24.171495736000917,344.95,0.6961036134046396,240.1209414439304,1,9_stealth,1
0.0069057941436767,310,2,0.0069057941436767,0.0,155.0,289.6118764025548,44889.84084239599,1,9_stealth,0
1.5304038524627686,11339,20,0.0805475711822509,0.0185143838946918,566.95,13.068445931977656,7409.155421134732,1,9_stealth,0
9.454753160476685,361,6,1.8909506320953369,14.137666812660887,60.16666666666666,0.634601443121916,38.18185349450194,1,9_stealth,1
0.0079560279846191,612,2,0.0079560279846191,0.0,306.0,251.3817201078813,76922.80635301169,1,9_stealth,0
0.1774420738220214,162,3,0.0887210369110107,0.007854382511141,54.0,16.9069259357793,912.9740005320822,1,9_stealth,0
1.187021017074585,12843,26,0.0474808406829833,0.0095415258380713,493.96153846153845,21.903571736309303,10819.521992670014,1,9_stealth,0
275.11316204071045,6111,63,4.437309065172749,40.30915897307253,97.0,0.2289966773406408,22.21267770204216,1,9_stealth,1
260.1548898220062,50848,140,1.871617912388534,33.352150021543856,363.2,0.5381409517068303,195.4527936599208,1,9_stealth,1
267.1573250293732,629302,727,0.3679852961837096,7.113054273820898,865.614855570839,2.7212429976234733,2355.548364361,1,9_stealth,1
30.044960021972656,13432,75,0.4060129732699007,1.2666087225815952,179.09333333333333,2.4962589381097717,447.063334089206,1,9_stealth,0
30.275219917297363,13724,43,0.720838569459461,12.886133405687426,319.16279069767444,1.4203034731857551,453.30802013956526,1,9_stealth,1
33.10680818557739,87528,122,0.2736099850047718,2.871312214495565,717.4426229508197,3.68504264488861,2643.8066608345102,1,9_stealth,1
21.49136209487915,469,8,3.070194584982736,51.84904958773202,58.625,0.3722425765608499,21.822721050879828,1,9_stealth,1
0.006105899810791,238,2,0.006105899810791,0.0,119.0,327.5520499804764,38978.693947676686,1,9_stealth,1
29.08365201950073,6899,20,1.5307185273421438,24.50187911608344,344.95,0.6876715478025215,237.2123004144798,1,9_stealth,1
240.0786728858948,1013,15,17.14847663470677,443.9803310772359,67.53333333333333,0.0624795189830511,4.219450181988724,1,9_stealth,1
77.32937002182007,1276,14,5.948413078601544,54.598383891182685,91.14285714285714,0.1810437612002996,16.50084566368445,1,9_stealth,1
0.0063531398773193,222,2,0.0063531398773193,0.0,111.0,314.80496866439,34943.35152174729,1,9_stealth,0
0.0059950351715087,271,2,0.0059950351715087,0.0,135.5,333.6093855637304,45204.07174388546,1,9_stealth,1
0.3873181343078613,13430,21,0.019365906715393,0.0035144506540262,639.5238095238095,54.218995032409374,34674.33825167895,1,9_stealth,0
59.13582301139832,7064,74,0.810079767279429,0.1016863314846115,95.45945945945944,1.2513565590477476,119.45382071774712,1,9_stealth,1
30.01166701316833,11934,70,0.4349516958430193,1.369972369844789,170.4857142857143,2.332426251740226,397.6453555466837,1,9_stealth,0
28.999943017959595,7114,23,1.3181792280890725,20.74126499394113,309.30434782608694,0.7931050066462598,245.3108268383257,1,9_stealth,1
28.36778211593628,6982,21,1.418389105796814,22.26122693099645,332.4761904761905,0.7402764133683454,246.1242818160851,1,9_stealth,1
30.033127784729004,12434,77,0.3951727340095921,1.0418979257717689,161.4805194805195,2.5638355269527517,414.0094927549417,1,9_stealth,1
0.0065019130706787,405,2,0.0065019130706787,0.0,202.5,307.60177477906933,62289.35939276154,1,9_stealth,0
0.0058119297027587,365,2,0.0058119297027587,0.0,182.5,344.1197850432785,62801.86077039833,1,9_stealth,0
0.935168981552124,78096,86,0.0110019880182602,0.004119596356826,908.093023255814,91.9619894334643,83510.04100925381,1,9_stealth,0
0.0062050819396972,238,2,0.0062050819396972,0.0,119.0,322.31645277799123,38355.65788058096,1,9_stealth,1
54.65761399269104,6982,21,2.732880699634552,108.83441931664927,332.4761904761905,0.3842099657480141,127.74066575488736,1,9_stealth,1
0.0057730674743652,156,2,0.0057730674743652,0.0,78.0,346.4362765342364,27022.02956967044,1,9_stealth,0
1.787790060043335,8297,35,0.0525820605895098,0.0067931949203931,237.05714285714285,19.577242754751428,4640.925232462074,1,9_stealth,0
0.0054700374603271,349,2,0.0054700374603271,0.0,174.5,365.6282090397943,63802.1224774441,1,9_stealth,0
0.0052731037139892,278,2,0.0052731037139892,0.0,139.0,379.2832662657684,52720.37401094181,1,9_stealth,1
4.700973987579346,12384,30,0.1621025512958395,0.3550485842377063,412.8,6.381656243847413,2634.347697460212,1,9_stealth,0
4.439076900482178,9257,21,0.2219538450241089,0.5157474584930066,440.8095238095238,4.730713270076253,2085.343463861708,1,9_stealth,0
12.310687065124512,19622,70,0.1784157545670219,0.610235714663864,280.3142857142857,5.686116431170286,1593.8996658917624,1,9_stealth,0
174.88479781150818,1853770,2828,0.0618623267815734,0.3265473201537082,655.505657708628,16.17064510688936,10599.949356364315,1,9_stealth,1
147.39881992340088,17327,111,1.339989272030917,51.28086879291722,156.0990990990991,0.7530589461820906,117.55182306754128,1,9_stealth,1
142.4387640953064,25736,81,1.78048455119133,71.56156817638313,317.7283950617284,0.5686654227482805,180.68115209691044,1,9_stealth,1
59.18983006477356,7166,75,0.799862568442886,0.1119744293238235,95.54666666666668,1.2671095679430875,121.0680955184022,1,9_stealth,1
30.02614998817444,14744,75,0.4057587836239789,1.069509071262226,196.58666666666667,2.4978227321697304,491.0386448414735,1,9_stealth,1
83.11179709434509,104836,133,0.6296348264723113,18.561401021275824,788.2406015037594,1.6002541714869174,1261.385310691748,1,9_stealth,1
11.759206056594849,6167,18,0.6917180033291087,5.103361213046682,342.6111111111111,1.5307155868661015,524.4401680112916,1,9_stealth,0
0.006117820739746,316,2,0.006117820739746,0.0,158.0,326.9137957911146,51652.3797349961,1,9_stealth,0
1.2653429508209229,15164,28,0.0468645537341082,0.0109201429039475,541.5714285714286,22.12838818269332,11984.102800084338,1,9_stealth,0
1.176440954208374,23061,31,0.0392146984736124,0.0084469483709482,743.9032258064516,26.35066374483696,19602.343761925327,1,9_stealth,0
78.83456707000732,25661,44,1.8333620248838916,49.93069782052553,583.2045454545455,0.5581308001720457,325.5044196185197,1,9_stealth,1
30.042097091674805,12390,76,0.4005612945556641,1.0660360828369404,163.02631578947367,2.529783449140804,412.4212754586126,1,9_stealth,1
28.476693868637085,6982,21,1.4238346934318542,22.864423957397168,332.4761904761905,0.7374451576743054,245.1829567086667,1,9_stealth,1
0.8142240047454834,10752,23,0.0370101820338856,0.0030522816830423,467.4782608695652,28.24775475293132,13205.211265370326,1,9_stealth,0
0.0576798915863037,121,2,0.0576798915863037,0.0,60.5,34.67412897278931,2097.7848028537533,1,9_stealth,0
0.0067129135131835,238,2,0.0067129135131835,0.0,119.0,297.93322915186815,35454.05426907231,1,9_stealth,0
66.01075005531311,7113,24,2.87003261110057,35.04639472514454,296.375,0.3635771443270894,107.75517614994112,1,9_stealth,1
0.0058820247650146,222,2,0.0058820247650146,0.0,111.0,340.0189696404686,37742.10563009201,1,9_stealth,0
0.0060811042785644,172,2,0.0060811042785644,0.0,86.0,328.8876342821297,28284.336548263156,1,9_stealth,0
28.943830013275143,18271,68,0.4319974628847037,8.576856793158932,268.69117647058823,2.34937808744771,631.2571622905458,1,9_stealth,0
59.2488260269165,7370,77,0.7795898161436382,0.1127346410471399,95.71428571428572,1.299603809280866,124.39065031688288,1,9_stealth,1
30.03822898864746,11869,69,0.4417386615977567,1.1533009823209237,172.0144927536232,2.297072840948033,395.1298195538001,1,9_stealth,0
63.7132830619812,7113,24,2.770142741825269,32.5320433471358,296.375,0.3766875421668736,111.64077030970718,1,9_stealth,1
76.90732097625732,188288,228,0.3387987708205168,5.481877757106044,825.8245614035088,2.964607232520656,2448.2454675300405,1,9_stealth,1
0.7280919551849365,380186,407,0.0017933299388791,0.0001237875892095,934.117936117936,558.9953262107138,522167.5604195244,1,9_stealth,1
30.027071952819824,11797,68,0.4481652530271615,1.4000976123788968,173.48529411764707,2.2646230743658693,392.878800121973,1,9_stealth,0
0.0065419673919677,238,2,0.0065419673919677,0.0,119.0,305.7184299719378,36380.49316666059,1,9_stealth,0
65.01637387275696,7113,24,2.826798864032911,33.58042341853133,296.375,0.3691377813067553,109.4032099347896,1,9_stealth,1
0.8714640140533447,8355,23,0.0396120006387884,0.0025868249515752,363.2608695652174,26.3923691960872,9587.314984056897,1,9_stealth,0
58.30822992324829,6970,73,0.8098365267117819,0.105239248202039,95.47945205479452,1.2519673482815483,119.53715640441634,1,9_stealth,1
28.920217990875244,6982,21,1.4460108995437622,22.72951999857242,332.4761904761905,0.726135605430976,241.42279986281304,1,9_stealth,1
1.932337045669556,11454,31,0.0644112348556518,0.0860382221418837,369.483870967742,16.042749927851478,5927.537344310026,1,9_stealth,0
34.5217821598053,13521,76,0.4602904287974039,1.716001847323489,177.9078947368421,2.201508590958232,391.66575866245074,1,9_stealth,1
21.902240991592407,6982,21,1.0951120495796205,11.321526139324495,332.4761904761905,0.9588059965216004,318.7801651292292,1,9_stealth,0
21.542392015457157,11089,58,0.3779367020255641,1.3857246519261233,191.18965517241375,2.692365822624697,514.752493225608,1,9_stealth,0
0.0060980319976806,368,2,0.0060980319976806,0.0,184.0,327.9746647378504,60347.33831176448,1,9_stealth,0
0.0058510303497314,307,2,0.0058510303497314,0.0,153.5,341.8201377286989,52469.391141355285,1,9_stealth,1
11.1909339427948,14653,33,0.3497166857123375,2.8401423372919345,444.030303030303,2.9488155473607103,1309.363461075045,1,9_stealth,0
1.4292559623718262,25269,35,0.0420369400697595,0.009114294159576,721.9714285714285,24.48826586801016,17679.828291964248,1,9_stealth,0
0.0317990779876709,156,2,0.0317990779876709,0.0,78.0,62.8949053420806,4905.802616682287,1,9_stealth,0
0.0062918663024902,156,2,0.0062918663024902,0.0,78.0,317.8707086017431,24793.91527093596,1,9_stealth,0
1.8426649570465088,8244,34,0.0558383320317123,0.0069278494304534,242.4705882352941,18.451536656178916,4473.954946868793,1,9_stealth,0
0.7846131324768066,6380,13,0.0653844277064005,0.0128166531037344,490.7692307692308,16.56867500925277,8131.39588915636,1,9_stealth,0
0.6111490726470947,7097,17,0.0381968170404434,0.0043627434200208,417.4705882352941,27.816453891302185,11612.55136862186,0,10_random,0
0.3037850856781006,12569,19,0.0168769492043389,0.0013997404232445,661.5263157894736,62.54421594657529,41374.644749079205,0,10_random,0
0.7461199760437012,8708,17,0.0466324985027313,0.01488881943171,512.2352941176471,22.78453941166734,11671.04524687054,0,10_random,0
0.8848459720611572,11698,20,0.0465708406347977,0.0087191355449084,584.9,22.60280391333202,13220.3800089079,0,10_random,0
0.361685037612915,14040,27,0.0139109629851121,0.0018124279258919,520.0,74.65058598552291,38818.30471247191,0,10_random,0
0.3327240943908691,9465,18,0.019572005552404,0.0020723892762661,525.8333333333334,54.09887742861934,28446.993047882333,0,10_random,0
9.429518938064575,11191,21,0.4714759469032287,3.552798549571449,532.9047619047619,2.227048923485198,1186.8049763201357,0,10_random,0
0.7097859382629395,36688,42,0.0173118521527546,0.002225978934392,873.5238095238095,59.172769895648656,51688.82337932281,0,10_random,0
0.7000408172607422,36576,42,0.0170741662746522,0.002271346933564,870.8571428571429,59.99650158164475,52248.3819488152,0,10_random,0
0.1085700988769531,674,3,0.0542850494384765,0.0015152431742535,224.66666666666663,27.631917360598717,6207.970767014511,0,10_random,0
0.0061621665954589,612,2,0.0061621665954589,0.0,306.0,324.56117000696435,99315.71802213108,0,10_random,0
23.00705099105835,2868,30,0.7933465858985638,0.1027217920483659,95.6,1.3039480814668272,124.65743658822868,0,10_random,0
1.9348649978637693,392,5,0.4837162494659424,0.6363246512640046,78.4,2.5841596212244062,202.59811430399344,0,10_random,0
379.9080650806427,5848,76,5.065440867741903,67.9156073981361,76.94736842105263,0.2000483985089065,15.393197822106384,0,10_random,1
0.0062708854675292,314,2,0.0062708854675292,0.0,157.0,318.9342255341799,50072.67340886625,0,10_random,0
1.7556309700012207,6838,23,0.0798014077273282,0.015127928056537,297.30434782608694,13.100703048080776,3894.895975772885,0,10_random,0
381.68674302101135,9878,111,3.469879482009194,21.582316354363837,88.990990990991,0.2908143969618814,25.879861380085263,0,10_random,1
30.06945300102234,13335,73,0.4176312916808658,1.081681669974547,182.67123287671237,2.427712935034703,443.473314913531,0,10_random,0
360.23824191093445,3887,52,7.063494939430087,158.3182119447196,74.75,0.144348916772852,10.790081528770688,0,10_random,1
371.3757119178772,8148,84,4.474406167685268,40.49529932881207,97.0,0.2261860356085296,21.94004545402737,0,10_random,1
0.0066170692443847,164,2,0.0066170692443847,0.0,82.0,302.2486128125676,24784.38625063054,0,10_random,0
5.773560047149658,6966,20,0.3038715814289294,1.428810511471688,348.3,3.4640672023275787,1206.5346065706956,0,10_random,0
0.020374059677124,314,2,0.020374059677124,0.0,157.0,98.1640395529811,15411.754209818033,0,10_random,0
0.9344758987426758,9083,20,0.0491829420390882,0.0062434997718761,454.15,21.40237113328414,9719.886850180994,0,10_random,0
360.15344882011414,69008,190,1.9055738032810272,33.89827962621512,363.2,0.5275529100788906,191.60721694065307,0,10_random,1
0.0056338310241699,174,2,0.0056338310241699,0.0,87.0,354.99822259839186,30884.845366060094,0,10_random,0
1.7974629402160645,6944,18,0.1057331141303567,0.1098348194560901,385.77777777777777,10.014114670890686,3863.2229041480514,0,10_random,0
6.213032960891724,6966,20,0.3270017347837749,1.6398561213103269,348.3,3.219039738866846,1121.1915410473223,0,10_random,0
0.0060081481933593,156,2,0.0060081481933593,0.0,78.0,332.88126984126984,25964.73904761905,0,10_random,0
1.8010749816894531,8243,34,0.0545780297481652,0.0068841548657057,242.44117647058823,18.87761494977136,4576.711177381333,0,10_random,0
330.2498300075531,1255,19,18.347212778197395,462.5506608781155,66.05263157894737,0.0575322022105672,3.800153356540099,0,10_random,1
13.659258842468262,13698,42,0.3331526546943478,2.505816751180724,326.1428571428572,3.0748374040190964,1002.836256196514,0,10_random,0
39.1687479019165,110576,163,0.2417823944562747,2.030619886670555,678.3803680981595,4.161480995210074,2823.067009364105,0,10_random,1
0.0077540874481201,202,2,0.0077540874481201,0.0,101.0,257.9284813824063,26050.77661962304,0,10_random,0
7.260806083679199,30680,42,0.1770928313092487,0.886352631656597,730.4761904761905,5.784481711253434,4225.426164315604,0,10_random,0
205.60872197151184,97657,134,1.545930240387307,50.96205077631146,728.7835820895523,0.6517233253293914,474.96525956486846,0,10_random,1
75.16999006271362,3736,17,4.698124378919601,130.34616822449283,219.76470588235293,0.2261540807151505,49.70068503245896,0,10_random,1
59.53630685806274,7166,75,0.8045446872711182,0.098973153633399,95.54666666666668,1.259735511959171,120.36352904932563,0,10_random,1
0.0423240661621093,162,3,0.0211620330810546,0.0004442364575538,54.0,70.88165840468679,3827.609553853087,0,10_random,0
0.0417230129241943,162,3,0.0208615064620971,0.0004323323600061,54.0,71.90276515865806,3882.749318567535,0,10_random,0
202.50388193130493,845,14,15.577221687023457,419.37518303626825,60.35714285714285,0.0691344771590561,4.172759514243031,0,10_random,1
2.5886940956115723,30625,41,0.0647173523902893,0.0789303664858373,746.9512195121952,15.838101562291335,11830.289276711515,0,10_random,0
5.816053867340088,6912,19,0.323114103741116,1.3287308741396917,363.7894736842105,3.2668198117445315,1188.4346599356948,0,10_random,0
0.0091581344604492,349,2,0.0091581344604492,0.0,174.5,218.38508799333545,38108.19785483703,0,10_random,0
0.0087661743164062,278,2,0.0087661743164062,0.0,139.0,228.1496953872933,31712.807658833768,0,10_random,0
30.389644145965576,13846,34,0.9208983074535024,7.0705889778054285,407.2352941176471,1.118802176053573,455.61573322464017,0,10_random,0
39.39852595329285,9277,23,1.7908420887860386,17.938594299275504,403.3478260869565,0.5837781856932063,235.4656621163424,0,10_random,1
30.0475070476532,13964,80,0.3803481904766227,1.046564739771083,174.55,2.662450494582653,464.730733829402,0,10_random,1
1.1673688888549805,20427,29,0.041691746030535,0.0095363966622037,704.3793103448276,24.842190225272144,17498.32481833221,0,10_random,0
39.14635896682739,24416,40,1.0037527940212152,34.93225660507991,610.4,1.0218063967046331,623.710624548508,0,10_random,1
198.973130941391,845,14,15.305625457030075,416.45331390260526,60.35714285714285,0.070361258998954,4.246804561008295,0,10_random,1
0.0221560001373291,208,2,0.0221560001373291,0.0,104.0,90.26900106532943,9387.976110794263,0,10_random,0
3.271247148513794,13885,25,0.136301964521408,0.2685664671096092,555.4,7.642345217284514,4244.558533679819,0,10_random,0
21.70834589004517,7104,23,0.986742995002053,4.843154289166993,308.8695652173913,1.0595003468480364,327.2474114786283,0,10_random,0
3.209569215774536,6966,20,0.1689246955670808,0.3206584868784229,348.3,6.2313658486326124,2170.384725078739,0,10_random,0
7.378551006317139,6944,18,0.4340324121363023,2.5222837505008653,385.77777777777777,2.4395033638161907,941.106186574424,0,10_random,0
0.0058839321136474,307,2,0.0058839321136474,0.0,153.5,339.9087483285384,52175.99286843065,0,10_random,1
23.984778881073,378,7,3.9974631468455,16.764143509822187,54.0,0.2918517629330274,15.759995198383482,0,10_random,1
6.745870113372803,30733,43,0.1606159550803048,0.7372998465082128,714.7209302325581,6.374270372439893,4555.824450144075,0,10_random,0
4.518822908401489,6966,20,0.2378327846527099,0.7798273380270937,348.3,4.425931355445593,1541.5518911017,0,10_random,0
6.8671300411224365,6965,20,0.3614278969011809,1.881594839980646,348.25,2.9124248237959662,1014.2519448869454,0,10_random,0
30.03700804710388,12359,76,0.4004934406280517,1.1833270106922629,162.6184210526316,2.5302120597636484,411.4590900870912,0,10_random,1
6.167946100234985,13994,27,0.237228696162884,1.1535364955564074,518.2962962962963,4.377470159632452,2268.8265708850568,0,10_random,0
6.211193084716797,30627,41,0.1552798271179199,0.717529262947898,747.0,6.600986226122034,4930.936710913159,0,10_random,0
0.0071151256561279,174,2,0.0071151256561279,0.0,87.0,281.0913111952552,24454.9440739872,0,10_random,0
3.895079135894776,6945,18,0.2291223021114573,0.6810831199152896,385.8333333333333,4.62121548035379,1783.018972836504,0,10_random,0
0.0064649581909179,415,2,0.0064649581909179,0.0,207.5,309.3600826080543,64192.21714117126,0,10_random,0
2.395724058151245,63543,69,0.035231236149283,0.0518837062670719,920.9130434782608,28.80131364262651,26523.505402803134,0,10_random,0
4.9146568775177,13776,23,0.2233934944326227,0.8683238787523038,598.9565217391304,4.6798790990301775,2803.044107314771,0,10_random,0
7.301003932952881,13778,23,0.3318638151342218,2.050521504341916,599.0434782608696,3.15025169294734,1887.1377315403677,0,10_random,0
59.59371209144592,7370,77,0.7841277906769201,0.10346154615738,95.71428571428572,1.2920826257952234,123.67076561182851,0,10_random,1
30.247650861740112,15174,78,0.3928266345680534,1.2127967190028903,194.53846153846155,2.578712652977004,501.65879225991097,0,10_random,1
0.0391561985015869,238,2,0.0391561985015869,0.0,119.0,51.07748138315686,6078.220284595666,0,10_random,0
0.0055251121520996,238,2,0.0055251121520996,0.0,119.0,361.9836023129369,43076.04867523949,0,10_random,1
39.80034494400024,6987,23,1.8091065883636477,16.712948620891325,303.7826086956522,0.5778844387494979,175.55124232794532,0,10_random,1
5.873439073562622,13724,22,0.2796875749315534,1.2988859522860257,623.8181818181819,3.7456760382559935,2336.6208158647846,0,10_random,0
0.0446870326995849,121,2,0.0446870326995849,0.0,60.5,44.75571276896565,2707.7206225224218,0,10_random,0
0.0053958892822265,222,2,0.0053958892822265,0.0,111.0,370.6525273948392,41142.43054082715,0,10_random,0
0.0082740783691406,172,2,0.0082740783691406,0.0,86.0,241.71876440756108,20787.81373905025,0,10_random,0
22.02045702934265,11457,31,0.7340152343114217,15.232010127640898,369.5806451612903,1.407781862051816,520.2889288234728,0,10_random,0
5.934174060821533,13887,25,0.2472572525342305,1.173074475498557,555.48,4.212886198444097,2340.174025511727,0,10_random,0
0.0065431594848632,316,2,0.0065431594848632,0.0,158.0,305.66273138026526,48294.71155808192,0,10_random,0
1.2594079971313477,21202,34,0.0381638787009499,0.0082426721112657,623.5882352941177,26.996811261675692,16834.89389323671,0,10_random,0
5.2935168743133545,6854,20,0.2786061512796502,0.6563658080324923,342.7,3.778206525995875,1294.7913764587863,0,10_random,0
0.0065131187438964,512,2,0.0065131187438964,0.0,256.0,307.0725528955268,78610.57354125485,0,10_random,0
0.0060601234436035,289,2,0.0060601234436035,0.0,144.5,330.0262805885593,47688.797545046815,0,10_random,1
0.054621934890747,162,3,0.0273109674453735,0.0007412600001686,54.0,54.92299029685597,2965.8414760302226,0,10_random,0
0.007436990737915,380,2,0.007436990737915,0.0,190.0,268.9259769820152,51095.93562658289,0,10_random,0
0.0389258861541748,162,3,0.0194629430770874,0.0003772949168165,54.0,77.06953640355981,4161.75496579223,0,10_random,0
0.0387771129608154,162,3,0.0193885564804077,0.0003724755772651,54.0,77.36522321895194,4177.722053823405,0,10_random,0
0.0060329437255859,222,2,0.0060329437255859,0.0,111.0,331.513120455264,36797.9563705343,0,10_random,0
0.0056779384613037,172,2,0.0056779384613037,0.0,86.0,352.24052068024355,30292.684778500945,0,10_random,0
4.326738119125366,23441,77,0.0569307647253337,0.0648928252780056,304.42857142857144,17.796316273369754,5417.707139792992,0,10_random,0
127.4737319946289,11051,37,3.540936999850803,138.2570121912265,298.6756756756757,0.2902558779840147,86.69237047571207,0,10_random,1
6.90221095085144,6946,18,0.4060124088736141,2.2712204709261634,385.8888888888889,2.607860021690523,1006.3442061479094,0,10_random,0
126.17197585105896,11187,38,3.410053401379972,131.72932409040487,294.39473684210526,0.3011762298535889,88.66469693084471,0,10_random,1
126.05737209320068,10235,32,4.066366841716151,148.28409111564366,319.84375,0.2538526661998059,81.19318870484416,0,10_random,1
0.1869831085205078,17120,28,0.0069253003155743,0.0001983709939725,611.4285714285714,149.74614670570114,91559.07255720012,0,10_random,0
120.71454906463624,13104,40,3.0952448478111854,117.40417446856604,327.6,0.3313602238499199,108.55360933323377,0,10_random,1
122.05370998382568,10715,31,4.068456999460856,152.14403585536823,345.64516129032256,0.2539865441542748,87.78922001977597,0,10_random,1
0.0065929889678955,164,2,0.0065929889678955,0.0,82.0,303.3525476440169,24874.90890680939,0,10_random,0
5.7757298946380615,6966,20,0.303985783928319,1.345218286719307,348.3,3.462765808797108,1206.0813312040325,0,10_random,0
0.1552979946136474,162,3,0.0776489973068237,0.006018819010606,54.0,19.317699545724608,1043.155775469129,0,10_random,0
3.5806150436401367,30570,40,0.0918106421446188,0.2014121317887479,764.25,11.171265135314592,8537.639379664179,0,10_random,0
30.17162394523621,12302,74,0.4133099170580302,1.284072523520867,166.24324324324326,2.4526356332133674,407.73410215933575,0,10_random,0
5.509208917617798,30626,41,0.1377302229404449,0.5613316585422691,746.9756097560976,7.442084809833015,5559.055838681607,0,10_random,0
0.0061149597167968,301,2,0.0061149597167968,0.0,150.5,327.0667498440424,49223.54585152838,0,10_random,1
0.2551019191741943,162,3,0.1275509595870971,0.0162460219502378,54.0,11.760005607607654,635.0403028108134,0,10_random,0
56.81022810935974,6983,23,2.5822830958799883,37.61251417128104,303.60869565217394,0.4048566739729504,122.9180067110049,0,10_random,1
0.0065557956695556,164,2,0.0065557956695556,0.0,82.0,305.0735716623632,25016.03287631378,0,10_random,0
4.822078943252564,6964,20,0.2537936285922402,0.9451861036357548,348.2,4.14758867189132,1444.1903755525575,0,10_random,0
4.018221139907837,31359,51,0.0803644227981567,0.2146748500587197,614.8823529411765,12.692183487235784,7804.199646592686,0,10_random,0
5.653604030609131,6966,20,0.2975581068741648,1.3537927840507782,348.3,3.5375664605653605,1232.134398214915,0,10_random,0
0.0238749980926513,238,2,0.0238749980926513,0.0,119.0,83.76964020012183,9968.587183814498,0,10_random,0
5.588062047958374,6856,20,0.2941085288399144,0.7897598533297355,342.8,3.579058326187895,1226.9011942172106,0,10_random,0
60.037086963653564,7370,77,0.789961670574389,0.0914027852022568,95.71428571428572,1.2825405744055467,122.7574549788166,0,10_random,1
3.2191169261932373,15495,29,0.1149684616497584,0.250342449276689,534.3103448275862,9.008681779786706,4813.431868199828,0,10_random,0
4.073486089706421,6944,18,0.23961682880626,0.7360989254749166,385.77777777777777,4.418819557402066,1704.6823892555526,0,10_random,0
30.16896891593933,14686,72,0.424915055154075,1.322208474242859,203.97222222222223,2.386558194965684,486.79157848980606,0,10_random,0
5.626080989837647,13941,26,0.2250432395935058,1.002452294588594,536.1923076923077,4.621334112851136,2477.923802586834,0,10_random,0
25.13471984863281,7160,22,1.1968914213634672,6.006278189009428,325.45454545454544,0.8752832787669474,284.8649216350611,0,10_random,0
4.925668001174927,13939,26,0.197026720046997,0.7098518020559073,536.1153846153846,5.278471873012591,2829.8699783816346,0,10_random,0
4.171545028686523,6945,18,0.2453850016874425,0.6817885791058267,385.8333333333333,4.314948029140077,1664.850781243213,0,10_random,0
5.229429006576538,6946,18,0.3076134709750904,1.142039623191121,385.8888888888889,3.4420583924866697,1328.252088567356,0,10_random,0
0.0060129165649414,383,2,0.0060129165649414,0.0,191.5,332.6172878667724,63696.210626486914,0,10_random,0
5.556253910064697,64738,79,0.0712340244880089,0.2838630090367172,819.4683544303797,14.218212716466754,11651.37537770411,0,10_random,0
41.920881032943726,6902,22,1.9962324301401773,16.609223655781506,313.72727272727275,0.52479813061923,164.64348625154204,0,10_random,1
0.1634159088134765,9245,20,0.0086008373059724,0.0002503136935236,462.25,122.38710505736664,56573.43931276772,0,10_random,0
30.014759063720703,12300,75,0.4056048522124419,1.2855075377544158,164.0,2.498770682808966,409.79839198067054,0,10_random,1
0.0069189071655273,222,2,0.0069189071655273,0.0,111.0,289.0629910406616,32085.99200551344,0,10_random,0
0.0061070919036865,271,2,0.0061070919036865,0.0,135.5,327.48811243412064,44374.63923482334,0,10_random,1
5.541504144668579,24666,35,0.1629854160196641,0.3072796652881828,704.7428571428571,6.315974704029252,4451.138058559586,0,10_random,0
0.0091569423675537,371,2,0.0091569423675537,0.0,185.5,218.4135183690473,40515.70765745828,0,10_random,0
0.0086860656738281,310,2,0.0086860656738281,0.0,155.0,230.25384277558192,35689.3456302152,0,10_random,0
45.51947593688965,28236,53,0.8753745372478778,24.03325012603464,532.7547169811321,1.1643367791290415,620.3059112356153,0,10_random,1
45.268616914749146,12707,22,2.155648424511864,87.27445549112934,577.5909090909091,0.4859878984469723,280.70219207116713,0,10_random,1
6.834173917770386,30626,41,0.1708543479442596,0.791571366268023,746.9756097560976,5.999262016641222,4481.302402967172,0,10_random,0
0.0080230236053466,238,2,0.0080230236053466,0.0,119.0,249.2825770408012,29664.62666785534,0,10_random,0
42.49220514297485,7041,24,1.847487180129341,15.869195431694138,293.375,0.5648094731550516,165.70097918686326,0,10_random,1
4.641832113265991,6825,20,0.244306953329789,0.2990156050541863,341.25,4.308643551075786,1470.324611804612,0,10_random,0
0.0135669708251953,316,2,0.0135669708251953,0.0,158.0,147.41684240123718,23291.86109939547,0,10_random,0
1.4772629737854004,12787,25,0.061552623907725,0.0145758046010651,511.48,16.92318865607181,8655.872533807611,0,10_random,0
7.77032208442688,13885,25,0.3237634201844533,1.886182733597873,555.4,3.2173698500998418,1786.927214745452,0,10_random,0
59.70331907272339,7064,74,0.8178536859277177,0.0943661336856806,95.45945945945944,1.2394620793169324,118.31838011209204,0,10_random,1
4.070745944976807,6825,20,0.2142497865777266,0.2336294354618963,341.25,4.91310444580298,1676.5968921302667,0,10_random,0
6.956967115402222,14225,30,0.2398954177724904,1.3248243472536865,474.1666666666667,4.312223919181991,2044.712841678794,0,10_random,0
16.725559949874878,11600,33,0.5226737484335899,8.176165279884227,351.5151515151515,1.9730281137910048,693.5492763628986,0,10_random,0
0.3522069454193115,28182,37,0.0097835262616475,0.0010415455169751,761.6756756756756,105.05187498773068,80015.45786227638,0,10_random,0
0.0077409744262695,202,2,0.0077409744262695,0.0,101.0,258.3654059381545,26094.9059997536,0,10_random,0
5.850159168243408,30626,41,0.1462539792060852,0.587473761244796,746.9756097560976,7.008356323458943,5235.071238103746,0,10_random,0
6.989069938659668,30679,42,0.1704651204551138,0.8887395621267857,730.452380952381,6.009383275402531,4389.568321573196,0,10_random,0
0.0055348873138427,156,2,0.0055348873138427,0.0,78.0,361.3443032522076,28184.855653672195,0,10_random,0
20.998461961746216,8525,37,0.583290610048506,3.0944596783066323,230.40540540540545,1.7620338131147155,405.9821150487284,0,10_random,0
0.0077528953552246,314,2,0.0077528953552246,0.0,157.0,257.9681407220616,40500.99809336368,0,10_random,0
1.4800879955291748,6838,23,0.0672767270695079,0.0108786123556914,297.30434782608694,15.539616610279191,4619.995581786484,0,10_random,0
1.14811110496521,10201,20,0.0604269002613268,0.0125908551655702,510.05,17.41991686475852,8885.028596870083,0,10_random,0
150.55415606498718,7257,19,8.364119781388176,279.1845145781226,381.9473684210527,0.1262004350899392,48.20192407619417,0,10_random,1
6.965237140655518,6944,18,0.4097198318032657,2.3855478017101457,385.77777777777777,2.5842623354394463,996.9509809606398,0,10_random,0
23.174428939819336,30818,45,0.5266915668140758,2.821841404301736,684.8444444444444,1.94179542101592,1329.8278063304135,0,10_random,0
0.0058798789978027,316,2,0.0058798789978027,0.0,158.0,340.1430540913146,53742.602546427705,0,10_random,0
1.1451539993286133,12843,26,0.0458061599731445,0.0092906117944607,493.96153846153845,22.704369905919563,11215.085488527882,0,10_random,0
2.0256459712982178,30680,42,0.0494059992999565,0.0457091832267171,730.4761904761905,20.734126592260637,15145.785805965626,0,10_random,0
0.007246971130371,240,2,0.007246971130371,0.0,120.0,275.97736544282145,33117.28385313857,0,10_random,0
4.262108087539673,9966,25,0.1775878369808197,0.6196954379892873,398.64,5.865641951476505,2338.279507536594,0,10_random,0
0.2717618942260742,5790,21,0.0135880947113037,0.000402287303259,275.7142857142857,77.27352673855904,21305.415229345563,0,10_random,0
4.587764024734497,6944,18,0.2698684720432057,0.9712562612798584,385.77777777777777,3.923479913734599,1513.5913622762807,0,10_random,0
0.3282680511474609,5683,20,0.0172772658498663,0.0007307332739634,284.15,60.92581940304578,17312.07158337546,0,10_random,0
2.842270851135254,6943,18,0.1671924030079561,0.2956568826666861,385.72222222222223,6.332964359399625,2442.765085961755,0,10_random,0
23.173293828964237,9791,27,0.8912805318832397,4.561914331079791,362.6296296296296,1.1651343222624992,422.5122277508197,0,10_random,0
0.0065369606018066,405,2,0.0065369606018066,0.0,202.5,305.9525858924794,61955.39864322708,0,10_random,0
0.00602388381958,365,2,0.00602388381958,0.0,182.5,332.01171534869,60592.13805113592,0,10_random,0
90.22661209106444,78712,96,0.949753811484889,41.59629553692311,819.9166666666666,1.0639876392910392,872.3811985820446,0,10_random,1
3.5902678966522217,6943,18,0.2111922292148365,0.5544505119289427,385.72222222222223,5.01355345008774,1933.838977997732,0,10_random,0
6.507537126541138,14226,30,0.2243978319496944,1.2153190665409397,474.2,4.610039008097905,2186.080497640027,0,10_random,0
4.279726028442383,9914,24,0.1860750447148862,0.666526280008025,413.0833333333333,5.607835604545663,2316.503424311071,0,10_random,0
6.323770999908447,30627,41,0.1580942749977111,0.7775235575111793,747.0,6.483473231493294,4843.154503925491,0,10_random,0
2.4186670780181885,13778,23,0.1099394126371903,0.1745583651418169,599.0434782608696,9.509369937282058,5696.526043298792,0,10_random,0
5.067223072052002,30626,41,0.1266805768013,0.4776752006306837,746.9756097560976,8.091216711206837,6043.941536522453,0,10_random,0
59.76041007041931,7268,76,0.7968054676055908,0.1041927097911239,95.63157894736842,1.2717449547358293,121.61897803973692,0,10_random,1
0.0059790611267089,367,2,0.0059790611267089,0.0,183.5,334.5006778849988,61380.87439189728,0,10_random,0
3.122307062149048,76986,90,0.0350821018218994,0.0728103778594201,855.4,28.824839520445515,24656.767725789094,0,10_random,0
0.0059249401092529,238,2,0.0059249401092529,0.0,119.0,337.55615468190416,40169.1824071466,0,10_random,1
5.202962160110474,6854,20,0.2738401136900249,0.6349671838083016,342.7,3.843964146680502,1317.326513067408,0,10_random,0
4.657180070877075,6906,21,0.2328590035438537,0.416515941176223,328.85714285714283,4.509166422685718,1482.871586431789,0,10_random,0
0.0058100223541259,164,2,0.0058100223541259,0.0,82.0,344.2327547293693,28227.08588780828,0,10_random,0
5.456457138061523,6967,20,0.287181954634817,1.2687202058457288,348.35,3.665382040754976,1276.8358338969958,0,10_random,0
0.0056140422821044,349,2,0.0056140422821044,0.0,174.5,356.24954346625896,62165.54533486219,0,10_random,0
0.0054640769958496,278,2,0.0054640769958496,0.0,139.0,366.0270529714635,50877.76036303343,0,10_random,1
91.71852278709412,12482,30,3.1627076823135902,129.5863163291403,416.06666666666666,0.3270876927405263,136.09028602624164,0,10_random,1
93.57000398635864,9614,27,3.59884630716764,88.30891310026503,356.0740740740741,0.288554011432299,102.74660244111568,0,10_random,1
3.498924970626831,30736,43,0.0833077373958769,0.1814138424291364,714.7906976744187,12.28948901762148,8784.412428967764,0,10_random,0
53.27044415473938,6900,22,2.5366878168923512,33.46289120559433,313.6363636363636,0.4129869827271319,129.52773549169137,0,10_random,1
0.006282091140747,367,2,0.006282091140747,0.0,183.5,318.3653269573798,58420.03749667919,0,10_random,0
4.868575096130371,47679,64,0.0772789697798471,0.2977558302797301,744.984375,13.1455300034025,9793.21445362856,0,10_random,0
0.00655198097229,324,2,0.00655198097229,0.0,162.0,305.2511917324697,49450.693060660094,0,10_random,0
84.82382392883301,1541,19,4.712434662712945,56.05713724270677,81.10526315789474,0.2239936744179436,18.167065909371114,0,10_random,1
0.0055751800537109,406,2,0.0055751800537109,0.0,203.0,358.7328087581252,72822.76017789941,0,10_random,0
79.13958406448364,1589,20,4.165241266551771,52.39221285243425,79.45,0.2527180327824799,20.078447704568028,0,10_random,1
0.0070030689239501,406,2,0.0070030689239501,0.0,203.0,285.5890784053382,57974.58291628366,0,10_random,0
79.04208207130432,1512,18,4.6495342394884895,56.122688700555074,84.0,0.2277267947441224,19.129050758506285,0,10_random,1
3.582973003387451,30680,42,0.0873895854484744,0.1997816851848558,730.4761904761905,11.722108974946764,8562.721508365874,0,10_random,0
5.676508903503418,64059,92,0.0623792187198177,0.2858538635327531,696.2934782608696,16.207144490378514,11284.929009882144,0,10_random,0
6.11264705657959,6906,21,0.3056323528289795,0.8106713225738247,328.85714285714283,3.435500169668036,1129.7887700822598,0,10_random,0
2.6116669178009038,7012,19,0.1450926065444946,0.2394104824800646,369.05263157894734,7.275047162598565,2684.875300217954,0,10_random,0
0.0066578388214111,367,2,0.0066578388214111,0.0,183.5,300.39777976723366,55122.99258728738,0,10_random,0
25.84764790534973,62731,76,0.3446353054046631,2.0688642468247704,825.4078947368421,2.940306223541143,2426.951969854729,0,10_random,1
0.0058228969573974,238,2,0.0058228969573974,0.0,119.0,343.4716455799861,40873.125824018345,0,10_random,1
6.237632989883423,6773,19,0.3465351661046346,1.0615049817871225,356.4736842105263,3.0460272399506945,1085.8285524308449,0,10_random,0
4.778046131134033,6944,18,0.2810615371255314,1.0509059464597272,385.77777777777777,3.767230266512273,1453.3137205922903,0,10_random,0
5.46262001991272,30748,43,0.1300623814264933,0.5138039609631865,715.0697674418604,7.871680593424663,5628.80081131678,0,10_random,0
58.81708979606629,7072,74,0.8057135588502231,0.1069680451272768,95.56756756756756,1.2581377326994023,120.23716277905642,0,10_random,1
0.3095259666442871,12569,19,0.0171958870357937,0.0013450216610304,661.5263157894736,61.38418758848477,40607.25546314027,0,10_random,0
7.062230110168457,6771,19,0.3923461172315809,1.447663134521873,356.3684210526316,2.69036829777652,958.7623023286748,0,10_random,0
0.0084550380706787,164,2,0.0084550380706787,0.0,82.0,236.54535713278628,19396.71928488848,0,10_random,0
6.115584850311279,6968,20,0.3218728868584883,1.6152422642729003,348.4,3.270333171647845,1139.3840770021093,0,10_random,0
0.0057330131530761,415,2,0.0057330131530761,0.0,207.5,348.85669134159525,72387.76345338102,0,10_random,0
3.849898099899292,64288,72,0.05422391689999,0.1505316758691375,892.8888888888889,18.701793692119647,16698.623789985944,0,10_random,0
3.6660521030426025,6967,20,0.1929501106864527,0.5352782151438,348.35,5.455459834681892,1900.4094334114368,0,10_random,0
4.280184984207153,17128,31,0.1426728328069051,0.5044455617588282,552.516129032258,7.242677621266954,4001.696203130981,0,10_random,0
0.0068278312683105,208,2,0.0068278312683105,0.0,104.0,292.9187792443606,30463.553041413503,0,10_random,0
4.123872041702271,13940,26,0.1649548816680908,0.5335063559996476,536.1538461538462,6.304754303013632,3380.31826861577,0,10_random,0
0.005465030670166,375,2,0.005465030670166,0.0,187.5,365.9631794782305,68618.09615216822,0,10_random,0
1.2921960353851318,7728,18,0.076011531493243,0.0129978037975963,429.3333333333333,13.929774977707002,5980.516723762205,0,10_random,0
1.366663932800293,7774,19,0.0759257740444607,0.0122130579153498,409.1578947368421,13.902466834746289,5688.304061753559,0,10_random,0
25.44596791267395,30820,45,0.5783174525607716,3.248970411790077,684.8888888888889,1.7684530670804908,1211.193856164905,0,10_random,0
0.0060279369354248,368,2,0.0060279369354248,0.0,184.0,331.7884744690108,61049.07930229799,0,10_random,0
1.3236589431762695,14383,28,0.0490244053028248,0.0098944718860248,513.6785714285714,21.153485302498563,10866.092110922746,0,10_random,0
